品名コード,品名漢字,カテゴリ_ブランド_,シリーズ,付加価値品フラグ,会社_文字型_,Primary_key,ソート
28482,ＱＰ　深煎りごまのたれ,キユーピー,深煎りごま,対象,11,11_28482,110
55223,ＱＰ　深煎りごまのたれ,キユーピー,深煎りごま,対象,11,11_55223,110
55793,ＱＰ　深煎りごまドレッシングＣＧＣロゴ付,キユーピー,深煎りごま,対象,11,11_55793,110
55529,ＱＰ　深煎りごまドレッシング,キユーピー,深煎りごま,対象,11,11_55529,110
4127,ＱＰ　深煎りごまドレッシング,キユーピー,深煎りごま,対象,11,11_4127,110
41228,ＱＰ　深煎りごまドレ　カロリーハーフ,キユーピー,深煎りごま,対象,11,11_41228,110
40884,ＱＰ　深煎りごまドレ　柚子こしょう,キユーピー,深煎りごま,対象,11,11_40884,110
40883,ＱＰ　深煎りごまドレ　にんにく味噌味,キユーピー,深煎りごま,対象,11,11_40883,110
4129,ＱＰ　深煎りごまドレ　カロリーハーフ,キユーピー,深煎りごま,対象,11,11_4129,110
55933,ＱＰ　深煎りごまドレッシング,キユーピー,深煎りごま,対象,11,11_55933,110
15588,ＱＰ　深煎りごまゆずテイストドレッシング,キユーピー,深煎りごま,対象,11,11_15588,110
38713,ＱＰ　深煎りごまドレッシング　旨辛ラー油,キユーピー,深煎りごま,対象,11,11_38713,110
38712,ＱＰ　深煎りごまドレ　薬味ポン酢味,キユーピー,深煎りごま,対象,11,11_38712,110
29208,ＱＰ　深煎りごまのつゆ,キユーピー,深煎りごま,対象,11,11_29208,110
55000,ＱＰ　深煎りごまドレッシング,キユーピー,深煎りごま,対象,11,11_55000,110
50587,ＱＰ　深煎りごまドレッシング,キユーピー,深煎りごま,対象,11,11_50587,110
16727,ＱＰ　深煎りごまドレ（サンプル付き）,キユーピー,深煎りごま,対象,11,11_16727,110
45339,ＱＰ　深煎りごまドレッシング（試供品）,キユーピー,深煎りごま,対象,11,11_45339,110
46781,ＱＰ　深煎りごまドレッシング,キユーピー,深煎りごま,対象,11,11_46781,110
40032,ＱＰ　深煎りごまドレ（試供品つけだれ）,キユーピー,深煎りごま,対象,11,11_40032,110
4249,ＱＰ　深煎りごまドレハーフ（試供品）,キユーピー,深煎りごま,対象,11,11_4249,110
39403,ＱＰ　深煎りごまドレ旨辛ラー油（試供品）,キユーピー,深煎りごま,対象,11,11_39403,110
40035,ＱＰ　深煎りごまドレ（試供品うどん）,キユーピー,深煎りごま,対象,11,11_40035,110
27288,ＱＰ　具だくさんタルタル　２本パック,キユーピー,タルタル,対象,11,11_27288,120
30322,ＱＰ　タルタルソース２本パック,キユーピー,タルタル,対象,11,11_30322,120
55013,ＱＰ　タルタルソース,キユーピー,タルタル,対象,11,11_55013,120
55017,ＱＰ　具だくさんタルタル,キユーピー,タルタル,対象,11,11_55017,120
55012,ＱＰ　タルタルソース,キユーピー,タルタル,対象,11,11_55012,120
55014,ＱＰ　タルタルソース（１０本スティック）,キユーピー,タルタル,対象,11,11_55014,120
1664,ＱＰ　具だくさんレモンタルタル,キユーピー,タルタル,対象,11,11_1664,120
22299,ＱＰ　具だくさんタルタル,キユーピー,タルタル,対象,11,11_22299,120
69456,ＱＰ　タルタルソース,キユーピー,タルタル,対象,11,11_69456,120
69457,ＱＰ　タルタルソース,キユーピー,タルタル,対象,11,11_69457,120
69458,ＱＰ　タルタルソース（１０本スティック）,キユーピー,タルタル,対象,11,11_69458,120
67676,ＱＰ　具だくさんタルタル（試供品）,キユーピー,タルタル,対象,11,11_67676,120
94667,Ｊ１１０１００　業務用調味料その他,キユーピー,タルタル,対象,11,11_94667,120
430486,Ｋ１１１２１０　家庭用タルタルソース,キユーピー,タルタル,対象,11,11_430486,120
93067,Ｃ１１００１５　代表家庭用タルタルソース,キユーピー,タルタル,対象,11,11_93067,120
2453,ＱＰ　具だくさんレモンタルタル（試供品）,キユーピー,タルタル,対象,11,11_2453,120
93376,（代表）家庭用マヨ類ポーション（廃止）,キユーピー,タルタル,対象,11,11_93376,120
30674,ＱＰ３分　手作りオイルＳガーリック＆トマ,キユーピー3分クッキング,グロッサリー,対象,11,11_30674,210
68656,ＱＰ３分　フライパン１つで！　クリーム,キユーピー3分クッキング,グロッサリー,対象,11,11_68656,210
68657,ＱＰ３分　フライパン１つで！　トマト,キユーピー3分クッキング,グロッサリー,対象,11,11_68657,210
68658,ＱＰ３分　フライパン１つで！　和風パスタ,キユーピー3分クッキング,グロッサリー,対象,11,11_68658,210
52600,ＱＰ３分　ワンポットパスタ　クリーム,キユーピー3分クッキング,グロッサリー,対象,11,11_52600,210
30673,ＱＰ３分　手作オイルＳガーリック＆唐辛子,キユーピー3分クッキング,グロッサリー,対象,11,11_30673,210
30672,ＱＰ３分　手作りオイルＳしょうゆ＆ペパー,キユーピー3分クッキング,グロッサリー,対象,11,11_30672,210
4947,ＱＰ３分　手作りオイルＳ　しょうゆ,キユーピー3分クッキング,グロッサリー,対象,11,11_4947,210
4948,ＱＰ３分　手作りオイルＳ　ガーリック,キユーピー3分クッキング,グロッサリー,対象,11,11_4948,210
45260,ＱＰ３分　オイルＳ　しょうゆ＆ペパー,キユーピー3分クッキング,グロッサリー,対象,11,11_45260,210
45261,ＱＰ３分　オイルＳ　ガーリック＆赤とう,キユーピー3分クッキング,グロッサリー,対象,11,11_45261,210
63004,ＱＰ３分　オイルＳ　しょうゆ＆ペパー,キユーピー3分クッキング,グロッサリー,対象,11,11_63004,210
63005,ＱＰ３分　オイルＳ　ガーリック＆赤とう,キユーピー3分クッキング,グロッサリー,対象,11,11_63005,210
63003,ＱＰ３分　オイルＳ　バター醤油＆Ｇ,キユーピー3分クッキング,グロッサリー,対象,11,11_63003,210
39528,ＱＰ３分　オイルＳガーリック（試供品）,キユーピー3分クッキング,グロッサリー,対象,11,11_39528,210
22982,ＱＰ３分クッキング　きのこマヨ炒めソース,キユーピー3分クッキング,グロッサリー,対象,11,11_22982,210
22981,ＱＰ３分クッキング　エビマヨ炒めソース,キユーピー3分クッキング,グロッサリー,対象,11,11_22981,210
42805,ＱＰ３分　蒸し煮用ソース　レモン＆塩麹,キユーピー3分クッキング,グロッサリー,対象,11,11_42805,210
42806,ＱＰ３分蒸し煮用ソースハーブ＆ガーリック,キユーピー3分クッキング,グロッサリー,対象,11,11_42806,210
42807,ＱＰ３分　蒸し煮用ソース　だし＆オリーブ,キユーピー3分クッキング,グロッサリー,対象,11,11_42807,210
33750,ＱＰ３分　炒めてパラッと！チャーハンの素,キユーピー3分クッキング,グロッサリー,対象,11,11_33750,210
41093,ＱＰ３分クッキング　ごま和えの素,キユーピー3分クッキング,グロッサリー,対象,11,11_41093,210
41101,ＱＰ３分クッキング　ナムルの素,キユーピー3分クッキング,グロッサリー,対象,11,11_41101,210
41099,ＱＰ３分クッキング　ピーナッツ和えの素,キユーピー3分クッキング,グロッサリー,対象,11,11_41099,210
41095,ＱＰ３分クッキング　からし和えの素,キユーピー3分クッキング,グロッサリー,対象,11,11_41095,210
62888,ＱＰ３分　炒めてパラッと！チャーハンの素,キユーピー3分クッキング,グロッサリー,対象,11,11_62888,210
47105,ＱＰ３分蒸し煮用アンチョビーガーリック味,キユーピー3分クッキング,グロッサリー,対象,11,11_47105,210
47106,ＱＰ３分蒸し煮用ゆず香るかつおだし味,キユーピー3分クッキング,グロッサリー,対象,11,11_47106,210
47119,ＱＰ３分蒸し煮用ハーブ＆ガーリック味,キユーピー3分クッキング,グロッサリー,対象,11,11_47119,210
56528,ＱＰ３分クッキング　ピーナッツ和え用,キユーピー3分クッキング,グロッサリー,対象,11,11_56528,210
56527,ＱＰ３分クッキング　からし和え用,キユーピー3分クッキング,グロッサリー,対象,11,11_56527,210
56529,ＱＰ３分クッキング　ナムル用,キユーピー3分クッキング,グロッサリー,対象,11,11_56529,210
56526,ＱＰ３分クッキング　ごま和え用,キユーピー3分クッキング,グロッサリー,対象,11,11_56526,210
47103,ＱＰ３分蒸し煮用ソースレモン香る塩麹味,キユーピー3分クッキング,グロッサリー,対象,11,11_47103,210
55031,ＱＰ３分蒸し煮用アンチョビー＆ガーリック,キユーピー3分クッキング,グロッサリー,対象,11,11_55031,210
55032,ＱＰ３分　蒸し煮用ソース　ライム＆バター,キユーピー3分クッキング,グロッサリー,対象,11,11_55032,210
15250,蒸し煮用ソースレモン香る塩麹味（試供品）,キユーピー3分クッキング,グロッサリー,対象,11,11_15250,210
54244,ＱＰ３分　野菜をたべよう！白湯スープの素,キユーピー3分クッキング,グロッサリー,対象,11,11_54244,210
56113,ＱＰ３分　野菜をたべよう！ミネストローネ,キユーピー3分クッキング,グロッサリー,対象,11,11_56113,210
56114,ＱＰ３分　野菜をたべよう！チャウダーの素,キユーピー3分クッキング,グロッサリー,対象,11,11_56114,210
56115,ＱＰ３分　野菜をたべよう！和風スープの素,キユーピー3分クッキング,グロッサリー,対象,11,11_56115,210
42312,ＱＰ３分　野菜をたべよう！和風スープの素,キユーピー3分クッキング,グロッサリー,対象,11,11_42312,210
42314,ＱＰ３分　野菜をたべよう！ミネストローネ,キユーピー3分クッキング,グロッサリー,対象,11,11_42314,210
42315,ＱＰ３分　野菜をたべよう！チャウダーの素,キユーピー3分クッキング,グロッサリー,対象,11,11_42315,210
430544,Ｋ１１５１１０　家庭用チルド卵加工品ＮＢ,キユーピー3分クッキング,グロッサリー,対象,11,11_430544,210
93165,Ｃ１１０１２３　家庭用タマゴＮＢ加工品,キユーピー3分クッキング,グロッサリー,対象,11,11_93165,210
93438,（代表）家庭用タマゴ加工業態対応ＮＢ廃止,キユーピー3分クッキング,グロッサリー,対象,11,11_93438,210
40749,ＱＰ３分鮭のアクア３種ハーブ＆ガーリック,キユーピー3分クッキング,精肉・鮮魚,対象,11,11_40749,220
41483,小袋）ＱＰ３分アクア塩こうじ＆レモン,キユーピー3分クッキング,精肉・鮮魚,対象,11,11_41483,220
40752,ＱＰ３分　白身魚のアクア塩こうじ＆レモン,キユーピー3分クッキング,精肉・鮮魚,対象,11,11_40752,220
41480,小袋）ＱＰ３分アクア　ハーブ＆ガーリック,キユーピー3分クッキング,精肉・鮮魚,対象,11,11_41480,220
43320,ＱＰのたまご　つぶしてたまごのタルタル,キユーピーのタマゴ,キユーピーのタマゴ,対象,11,11_43320,510
52063,ＱＰのたまご　厚焼きたまご,キユーピーのタマゴ,キユーピーのタマゴ,対象,11,11_52063,510
55690,ＱＰのたまご　つぶしてたまごサラダ,キユーピーのタマゴ,キユーピーのタマゴ,対象,11,11_55690,510
55691,ＱＰのたまご　つぶしてポテトサラダ,キユーピーのタマゴ,キユーピーのタマゴ,対象,11,11_55691,510
3755,ＱＰのたまご　ネギダレねぎ塩たまご　Ｃ,キユーピーのタマゴ,キユーピーのタマゴ,対象,11,11_3755,510
3753,ＱＰのたまご　ネギダレうま辛たまご　Ｃ,キユーピーのタマゴ,キユーピーのタマゴ,対象,11,11_3753,510
1310,ＱＰのたまご　ネギダレねぎ塩たまご,キユーピーのタマゴ,キユーピーのタマゴ,対象,11,11_1310,510
1313,ＱＰのたまご　ネギダレうま辛たまご,キユーピーのタマゴ,キユーピーのタマゴ,対象,11,11_1313,510
37227,ＱＰのたまご　ネギダレねぎ塩たまご,キユーピーのタマゴ,キユーピーのタマゴ,対象,11,11_37227,510
38858,ＱＰのたまご　麻辣ダレ担々風たまご,キユーピーのタマゴ,キユーピーのタマゴ,対象,11,11_38858,510
37226,ＱＰのたまご　ネギダレうま辛たまご,キユーピーのタマゴ,キユーピーのタマゴ,対象,11,11_37226,510
2522,ＱＰのたまご　ゆでたま　ほんのり塩味,キユーピーのタマゴ,キユーピーのタマゴ,対象,11,11_2522,510
2523,ＱＰのたまご　ゆでたま　燻製風味,キユーピーのタマゴ,キユーピーのタマゴ,対象,11,11_2523,510
41318,ＱＰのたまご　ネギダレねぎ塩たまご,キユーピーのタマゴ,キユーピーのタマゴ,対象,11,11_41318,510
41315,ＱＰのたまご　ネギダレうま辛たまご,キユーピーのタマゴ,キユーピーのタマゴ,対象,11,11_41315,510
41320,ＱＰのたまご　麻辣ダレ担々風たまご,キユーピーのタマゴ,キユーピーのタマゴ,対象,11,11_41320,510
13581,ＱＰのたまご　レンジでとろ～り目玉焼き風,キユーピーのタマゴ,キユーピーのタマゴ,対象,11,11_13581,510
36917,ＱＰのたまご　ゆでたまご燻製風味,キユーピーのタマゴ,キユーピーのタマゴ,対象,11,11_36917,510
49510,ＱＰのたまご　ゆでたまごほんのりしお味,キユーピーのタマゴ,キユーピーのタマゴ,対象,11,11_49510,510
56955,ＱＰのたまご　つぶしてつくるたまごサラダ,キユーピーのタマゴ,キユーピーのタマゴ,対象,11,11_56955,510
56956,ＱＰのたまご　つぶしてつくるポテトサラダ,キユーピーのタマゴ,キユーピーのタマゴ,対象,11,11_56956,510
15750,めんたい釜玉うどんつゆ,キユーピーのタマゴ,キユーピーのタマゴ,対象,11,11_15750,510
15751,あごだし釜玉うどんつゆ,キユーピーのタマゴ,キユーピーのタマゴ,対象,11,11_15751,510
47152,ＱＰのたまご　ゆでたまごしお味,キユーピーのタマゴ,キユーピーのタマゴ,対象,11,11_47152,510
44403,ＱＰのたまご　つぶしてたまごサラダ,キユーピーのタマゴ,キユーピーのタマゴ,対象,11,11_44403,510
52872,ＱＰのたまご　つぶしてポテトサラダ,キユーピーのタマゴ,キユーピーのタマゴ,対象,11,11_52872,510
52873,ＱＰのたまご　つぶしてマカロニサラダ,キユーピーのタマゴ,キユーピーのタマゴ,対象,11,11_52873,510
56932,ＱＰのたまご　つぶしてつくるたまごサラダ,キユーピーのタマゴ,キユーピーのタマゴ,対象,11,11_56932,510
56933,ＱＰのたまご　つぶしてつくるポテトサラダ,キユーピーのタマゴ,キユーピーのタマゴ,対象,11,11_56933,510
40135,ＱＰのたまご　麻辣ダレ担々風たまご　Ｆ,キユーピーのタマゴ,キユーピーのタマゴ,対象,11,11_40135,510
47166,ＱＰのたまご　ゆでたまご燻製風味,キユーピーのタマゴ,キユーピーのタマゴ,対象,11,11_47166,510
37514,豚肉ときくらげの卵炒めキット,キユーピーのタマゴ,キユーピーのタマゴ,対象,11,11_37514,510
37515,豚にら玉キット,キユーピーのタマゴ,キユーピーのタマゴ,対象,11,11_37515,510
38479,ＱＰのたまご　たまごとポテトのサラダ,キユーピーのタマゴ,キユーピーのタマゴ,対象,11,11_38479,510
4986,調理用たまご,キユーピーのタマゴ,キユーピーのタマゴ,対象,11,11_4986,510
37517,牛肉と卵のオイスターソース炒めキット,キユーピーのタマゴ,キユーピーのタマゴ,対象,11,11_37517,510
3812,とろっとたまごのオムライスの具ドミソース,キユーピーのタマゴ,キユーピーのタマゴ,対象,11,11_3812,510
38867,ＱＰのたまご　麻辣ダレ担々風たまご　Ｌ,キユーピーのタマゴ,キユーピーのタマゴ,対象,11,11_38867,510
1604,ＧＱＰ　植物生まれのマヨネーズタイプ,GREEN KEWPIE,調味料,対象,11,11_1604,610
2452,ＧＱＰ　植物生まれのマヨタイプ（試供品）,GREEN KEWPIE,調味料,対象,11,11_2452,610
94670,Ｊ１１０１３０　家庭用パスタソース,GREEN KEWPIE,調味料,対象,11,11_94670,610
435017,Ｃ１１００１８　家庭用ＧＫマヨタイプ,GREEN KEWPIE,調味料,対象,11,11_435017,610
435034,Ｋ１１１０２５　家庭用ＧＫマヨタイプ,GREEN KEWPIE,調味料,対象,11,11_435034,610
41231,ＧＱＰ　植物生まれのごまドレ,GREEN KEWPIE,調味料,対象,11,11_41231,610
41232,ＧＱＰ　植物生まれのシーザーサラダドレ,GREEN KEWPIE,調味料,対象,11,11_41232,610
27120,ＧＱＰ　植物生まれのごまドレッシング,GREEN KEWPIE,調味料,対象,11,11_27120,610
27121,ＧＱＰ植物生まれのシーザーサラダドレ,GREEN KEWPIE,調味料,対象,11,11_27121,610
47933,ＧＱＰ　植物生まれのごまドレ（試供品）,GREEN KEWPIE,調味料,対象,11,11_47933,610
47934,ＧＱＰ　植物生まれシーザードレ（試供品）,GREEN KEWPIE,調味料,対象,11,11_47934,610
94671,Ｊ１１０１３５　輸出家庭用パスタソース,GREEN KEWPIE,調味料,対象,11,11_94671,610
435018,Ｃ１１００１９　家庭用ＧＫドレッシング,GREEN KEWPIE,調味料,対象,11,11_435018,610
435035,Ｋ１１１１２５　家庭用ＧＫドレッシング,GREEN KEWPIE,調味料,対象,11,11_435035,610
1096,ＧＱＰ　植物生まれのボロネーゼ,GREEN KEWPIE,調理食品,対象,11,11_1096,620
4149,ＧＱＰ　植物生まれのパスタＳ　たらこ風,GREEN KEWPIE,調理食品,対象,11,11_4149,620
1097,ＧＱＰ　植物生まれのカルボナーラ,GREEN KEWPIE,調理食品,対象,11,11_1097,620
94690,Ｊ１１０２９０　業務用病態配慮,GREEN KEWPIE,調理食品,対象,11,11_94690,620
435021,Ｃ１１００３８　家庭用ＧＫパスタソース,GREEN KEWPIE,調理食品,対象,11,11_435021,620
435036,Ｋ１１２０２５　家庭用ＧＫパスタソース,GREEN KEWPIE,調理食品,対象,11,11_435036,620
28982,ＨＯＢＯＴＡＭＡ　加熱用液卵風,GREEN KEWPIE,調理食品,対象,11,11_28982,620
28983,ＨＯＢＯＴＡＭＡ　スクランブルエッグ風,GREEN KEWPIE,調理食品,対象,11,11_28983,620
69278,ＧＱＰ　ＨＯＢＯＴＡＭＡ　加熱用液卵風,GREEN KEWPIE,調理食品,対象,11,11_69278,620
69279,ＧＱＰ　ＨＯＢＯＴＡＭＡスクランブル風,GREEN KEWPIE,調理食品,対象,11,11_69279,620
435025,Ｃ１１０１５４　家庭用ＧＫ　ＨＯＢＯＴＡ,GREEN KEWPIE,調理食品,対象,11,11_435025,620
435037,Ｋ１１５１２５　家庭用ＧＫ　ＨＯＢＯＴＡ,GREEN KEWPIE,調理食品,対象,11,11_435037,620
25833,ＱＰ　Ｙ４－１１　すりおろし果実　りんご,ケアフード,やさしい献立,対象外,11,11_25833,710
25834,ＱＰ　Ｙ４－１２すりおろし　ももとりんご,ケアフード,やさしい献立,対象外,11,11_25834,710
20144,ＱＰ　Ｙ２－１６　貝柱の彩りかきたま,ケアフード,やさしい献立,対象外,11,11_20144,710
20149,ＱＰ　Ｙ２－１９　海老と貝柱のクリーム煮,ケアフード,やさしい献立,対象外,11,11_20149,710
30226,ＱＰ　Ｙ３－３９やわらかたら彩りあんかけ,ケアフード,やさしい献立,対象外,11,11_30226,710
30251,ＱＰ　Ｙ４－２１なめらかおかず牛肉じゃが,ケアフード,やさしい献立,対象外,11,11_30251,710
29929,ＱＰ　Ｙ４－１４　なめらかごはん,ケアフード,やさしい献立,対象外,11,11_29929,710
29932,ＱＰ　Ｙ３－８　やわらかごはん,ケアフード,やさしい献立,対象外,11,11_29932,710
36838,ＱＰ　Ｙ２－８　けんちんうどん,ケアフード,やさしい献立,対象外,11,11_36838,710
36834,ＱＰ　Ｙ１－８　煮込みハンバーグ,ケアフード,やさしい献立,対象外,11,11_36834,710
36837,ＱＰ　Ｙ２－３　おじや親子丼風,ケアフード,やさしい献立,対象外,11,11_36837,710
36402,ＱＰ　Ｙ１－１４　鶏と野菜のシチュー,ケアフード,やさしい献立,対象外,11,11_36402,710
30227,ＱＰ　Ｙ３－４０　やわらか海老グラタン,ケアフード,やさしい献立,対象外,11,11_30227,710
40988,ＱＰ　Ｙ４－２８なめらか煮込みハンバーグ,ケアフード,やさしい献立,対象外,11,11_40988,710
40990,ＱＰ　Ｙ４－３０　なめらか揚げだし茄子,ケアフード,やさしい献立,対象外,11,11_40990,710
40986,ＱＰ　Ｙ４－２６　なめらかぶり大根,ケアフード,やさしい献立,対象外,11,11_40986,710
40991,ＱＰ　Ｙ４－３１なめらかさつま栗きんとん,ケアフード,やさしい献立,対象外,11,11_40991,710
40987,ＱＰ　Ｙ４－２７　なめらか牛すき焼き,ケアフード,やさしい献立,対象外,11,11_40987,710
40992,ＱＰ　Ｙ４－３２　なめらかほうれん草ポタ,ケアフード,やさしい献立,対象外,11,11_40992,710
40989,ＱＰ　Ｙ４－２９なめらか海の幸のグラタン,ケアフード,やさしい献立,対象外,11,11_40989,710
36983,ＱＰ　Ｙ３－４４　やわらかチャーハン,ケアフード,やさしい献立,対象外,11,11_36983,710
36985,ＱＰ　Ｙ３－４６　やわらかカレーライス,ケアフード,やさしい献立,対象外,11,11_36985,710
36984,ＱＰ　Ｙ３－４５　やわらかオムライス風,ケアフード,やさしい献立,対象外,11,11_36984,710
36879,ＱＰ　Ｙ３－４２　やわらかナポリタン,ケアフード,やさしい献立,対象外,11,11_36879,710
36982,ＱＰ　Ｙ３－４３　やわらか鶏釜めし,ケアフード,やさしい献立,対象外,11,11_36982,710
36878,ＱＰ　Ｙ３－４１　やわらか親子丼風,ケアフード,やさしい献立,対象外,11,11_36878,710
22158,ＱＰ　Ｙ３－３３　やわらかおかず　豚汁,ケアフード,やさしい献立,対象外,11,11_22158,710
38596,ＱＰ　Ｙ４－２４　なめらかかにごはん,ケアフード,やさしい献立,対象外,11,11_38596,710
38592,ＱＰ　Ｙ３－５２　かに雑炊,ケアフード,やさしい献立,対象外,11,11_38592,710
38587,ＱＰ　Ｙ３－５１　鯛雑炊,ケアフード,やさしい献立,対象外,11,11_38587,710
38593,ＱＰ　Ｙ３－５３　鮭雑炊,ケアフード,やさしい献立,対象外,11,11_38593,710
38594,ＱＰ　Ｙ４－２３　なめらか鯛ごはん,ケアフード,やさしい献立,対象外,11,11_38594,710
38599,ＱＰ　Ｙ４－２５　なめらか鰻ごはん,ケアフード,やさしい献立,対象外,11,11_38599,710
54477,ＱＰ　Ｙ５－１９　とろみファイン６００ｇ,ケアフード,やさしい献立,対象外,11,11_54477,710
64484,ＱＰ　Ｙ２－１１　鮭と野菜のかきたま,ケアフード,やさしい献立,対象外,11,11_64484,710
64485,ＱＰ　Ｙ２－２０　肉じゃが,ケアフード,やさしい献立,対象外,11,11_64485,710
54473,ＱＰ　Ｙ５－１８　とろみファイン３００ｇ,ケアフード,やさしい献立,対象外,11,11_54473,710
54471,ＱＰ　Ｙ５－１７　とろみファイン１．５ｇ,ケアフード,やさしい献立,対象外,11,11_54471,710
63122,ＱＰ　Ｙ３－３　やわらか大根鶏そぼろあん,ケアフード,やさしい献立,対象外,11,11_63122,710
64481,ＱＰ　Ｙ２－７　おじや　鶏ごぼう,ケアフード,やさしい献立,対象外,11,11_64481,710
22353,ＱＰ　Ｙ１－１９　肉じゃが,ケアフード,やさしい献立,対象外,11,11_22353,710
22349,ＱＰ　Ｙ１－４　鶏だんごの野菜煮込み,ケアフード,やさしい献立,対象外,11,11_22349,710
63124,ＱＰ　Ｙ３－１０　やわらかおじや鶏たまご,ケアフード,やさしい献立,対象外,11,11_63124,710
63111,ＱＰ　Ｙ３－２　やわらかおかず肉じゃが,ケアフード,やさしい献立,対象外,11,11_63111,710
63109,ＱＰ　Ｙ３－１　やわらかかぼちゃ含め煮,ケアフード,やさしい献立,対象外,11,11_63109,710
56278,ＱＰ　Ｙ４－１０なめらかおかずうぐいす豆,ケアフード,やさしい献立,対象外,11,11_56278,710
27431,ＱＰ　Ｙ３－５０　たまごと鶏の雑炊,ケアフード,やさしい献立,対象外,11,11_27431,710
27430,ＱＰ　Ｙ３－４９　たまごと牛肉の雑炊,ケアフード,やさしい献立,対象外,11,11_27430,710
63127,ＱＰ　Ｙ３－３２　やわらかおかずかつ煮味,ケアフード,やさしい献立,対象外,11,11_63127,710
54672,ＱＰ　Ｙ３－４８　鶏ときのこの雑炊,ケアフード,やさしい献立,対象外,11,11_54672,710
54671,ＱＰ　Ｙ３－４７　たまごと野菜の雑炊,ケアフード,やさしい献立,対象外,11,11_54671,710
20251,ＱＰ　Ｙ３－１４やわらかさつまいもと豆,ケアフード,やさしい献立,対象外,11,11_20251,710
20292,ＱＰ　Ｙ４－９　なめらかおかず大豆煮もの,ケアフード,やさしい献立,対象外,11,11_20292,710
20271,ＱＰ　Ｙ４－２　なめらか野菜グリンピース,ケアフード,やさしい献立,対象外,11,11_20271,710
20243,ＱＰ　Ｙ３－１３　やわらかおかずうなたま,ケアフード,やさしい献立,対象外,11,11_20243,710
18992,ＱＰ　Ｙ１－１０　貝柱マカロニグラタン,ケアフード,やさしい献立,対象外,11,11_18992,710
20268,ＱＰ　Ｙ４－１　なめらか野菜にんじん,ケアフード,やさしい献立,対象外,11,11_20268,710
18986,ＱＰ　Ｙ１－６　海老だんごかきたま,ケアフード,やさしい献立,対象外,11,11_18986,710
20284,ＱＰ　Ｙ４－４　なめらか野菜かぼちゃ,ケアフード,やさしい献立,対象外,11,11_20284,710
20143,ＱＰ　Ｙ２－１５　すき焼き,ケアフード,やさしい献立,対象外,11,11_20143,710
20121,ＱＰ　Ｙ２－５　おじや　牛すき焼き,ケアフード,やさしい献立,対象外,11,11_20121,710
47218,ＱＰ　Ｙ４－６　なめらかおかず鶏肉野菜,ケアフード,やさしい献立,対象外,11,11_47218,710
47220,ＱＰ　Ｙ４－１６　なめらかおかず　鮭野菜,ケアフード,やさしい献立,対象外,11,11_47220,710
20275,ＱＰ　Ｙ４－３　なめらか野菜コーン,ケアフード,やさしい献立,対象外,11,11_20275,710
47219,ＱＰ　Ｙ４－１５　なめらかおかず豚肉野菜,ケアフード,やさしい献立,対象外,11,11_47219,710
47221,ＱＰ　Ｙ４－１７なめらかおかず白身魚野菜,ケアフード,やさしい献立,対象外,11,11_47221,710
20119,ＱＰ　Ｙ２－４　おじや　鮭大根,ケアフード,やさしい献立,対象外,11,11_20119,710
49636,２２秋　とろみファインサンプルセット,ケアフード,やさしい献立,対象外,11,11_49636,710
94735,Ｊ１１９６００　賃貸設備売上,ケアフード,やさしい献立,対象外,11,11_94735,710
430539,Ｋ１１４０００　やさしい献立,ケアフード,やさしい献立,対象外,11,11_430539,710
93117,Ｃ１１００８３　代表やさしい献立,ケアフード,やさしい献立,対象外,11,11_93117,710
436173,２５春やさ献　コンセプト・スイングＰＯＰ,ケアフード,やさしい献立,対象外,11,11_436173,710
44666,ＱＰ　フィッテ,機能性食品,強調表示調味料,対象外,11,11_44666,810
42881,ＱＰ　アマニ油マヨネーズ,機能性食品,強調表示調味料,対象外,11,11_42881,810
42888,ＱＰ　ディフェ,機能性食品,強調表示調味料,対象外,11,11_42888,810
42880,ＱＰ　アマニ油マヨネーズ,機能性食品,強調表示調味料,対象外,11,11_42880,810
1013,利用禁止コード　会社０、１１更新,機能性食品,強調表示調味料,対象外,11,11_1013,810
430471,Ｋ１１１０３０　家庭用機能性マヨネーズ,機能性食品,強調表示調味料,対象外,11,11_430471,810
93508,Ｃ１１００９８　代表家庭用機能性マヨ,機能性食品,強調表示調味料,対象外,11,11_93508,810
93372,（代表）家庭用特保マヨ（廃止）,機能性食品,強調表示調味料,対象外,11,11_93372,810
23818,ＱＰ　アマニ油ドレッシング　イタリアン,機能性食品,強調表示調味料,対象外,11,11_23818,810
23817,ＱＰ　アマニ油ドレ　和風たまねぎ,機能性食品,強調表示調味料,対象外,11,11_23817,810
67019,ＱＰ　アマニ油ドレッシング　ごま豆乳入り,機能性食品,強調表示調味料,対象外,11,11_67019,810
22897,ＱＰ　フィッテドレ　和風醤油　黒酢入り,機能性食品,強調表示調味料,対象外,11,11_22897,810
22896,ＱＰ　フィッテドレッシング　ごま,機能性食品,強調表示調味料,対象外,11,11_22896,810
34336,ＱＰ　ごまドレッシング,機能性食品,強調表示調味料,対象外,11,11_34336,810
34337,ＱＰ　和風醤油ドレッシング黒酢入り,機能性食品,強調表示調味料,対象外,11,11_34337,810
53336,ＱＰ　アマニ油入り和風ドレッシング,機能性食品,強調表示調味料,対象外,11,11_53336,810
53337,ＱＰ　アマニ油入りイタリアンドレッシング,機能性食品,強調表示調味料,対象外,11,11_53337,810
93524,Ｃ１１０１０８　代表家庭用機能性ドレ,機能性食品,強調表示調味料,対象外,11,11_93524,810
2276,ＱＰ　免疫ケア　酢酸菌ＧＫ１ドレ　ごま,機能性食品,強調表示調味料,対象外,11,11_2276,810
560706,ＮＢ機能性ポテトＳオ２３１２,機能性食品,惣菜,対象外,11,11_560706,820
560714,ＮＢ機能性ごぼうＳオ２３１２,機能性食品,惣菜,対象外,11,11_560714,820
560717,ＮＢ機能性ツナマカＳオ２３１２,機能性食品,惣菜,対象外,11,11_560717,820
563633,ＣＮＴカラダ想いポテトサラダ,機能性食品,惣菜,対象外,11,11_563633,820
563634,ＣＮＴカラダ想いごぼうサラダ,機能性食品,惣菜,対象外,11,11_563634,820
568944,機能性ＧＡＢＡポテト２４０３,機能性食品,惣菜,対象外,11,11_568944,820
568945,機能性イヌリンごぼう２４０３,機能性食品,惣菜,対象外,11,11_568945,820
547099,デリア野菜ポテトサラダＴＲ,デリア,惣菜,対象,27,27_547099,410
563634,ＣＮＴカラダ想いごぼうサラダ,デリア,惣菜,対象,27,27_563634,410
568840,ＴＢ野菜ポテトサラダ中２４０４,デリア,惣菜,対象,27,27_568840,410
568897,Ｂ〇野菜ポテトサラダ２４０３,デリア,惣菜,対象,27,27_568897,410
569046,デリア点縦お野菜ポテトサラダ,デリア,惣菜,対象,27,27_569046,410
569050,デリア点縦お野菜ポテトサラダ小,デリア,惣菜,対象,27,27_569050,410
569054,デリアＨお野菜ポテトサラダ小,デリア,惣菜,対象,27,27_569054,410
569107,Ｏ野菜ポテトサラダ２４０３縦増,デリア,惣菜,対象,27,27_569107,410
569319,デリアＤ増量お野菜ポテトサラダ,デリア,惣菜,対象,27,27_569319,410
569407,ＯＧ野菜ポテトサラダ大２４縦,デリア,惣菜,対象,27,27_569407,410
569494,Ｂとなみ野産たまねぎ焼きびたし,デリア,惣菜,対象,27,27_569494,410
572487,ＮＢレタスポテト大増量２４０７,デリア,惣菜,対象,27,27_572487,410
572880,デリアＤＳポテト小２５０４,デリア,惣菜,対象,27,27_572880,410
573142,デリア売無お野菜ポテトサラダ,デリア,惣菜,対象,27,27_573142,410
576021,ＴＬなめらかポテトＳ大増量,デリア,惣菜,対象,27,27_576021,410
576477,ＮＢ９種野菜マカデリオ２０増オ,デリア,惣菜,対象,27,27_576477,410
576681,Ｂ○野菜ポテトサラダ２４１０,デリア,惣菜,対象,27,27_576681,410
576685,Ｂ○野菜ポテトサラダ大２４０６,デリア,惣菜,対象,27,27_576685,410
576689,Ｂ野菜ポテト大２５％増２４１０,デリア,惣菜,対象,27,27_576689,410
579761,ＡＭレタスポテト縦通常２４１２,デリア,惣菜,対象,27,27_579761,410
579765,Ｔレタスポテト大通常２４１２,デリア,惣菜,対象,27,27_579765,410
579936,ＯＧ野菜ポテトＳ大２４１２縦,デリア,惣菜,対象,27,27_579936,410
580357,ＢＡレタスポテト丸オ２５０１,デリア,惣菜,対象,27,27_580357,410
580379,ＨＮレタスポテト大２５０５,デリア,惣菜,対象,27,27_580379,410
580383,ＦＲレタスポテトＳ中増２５０５,デリア,惣菜,対象,27,27_580383,410
583055,ＨＮレタスポテト大茨城２４０７,デリア,惣菜,対象,27,27_583055,410
583087,ＭＶレタスポテトＳ２５０５縦増,デリア,惣菜,対象,27,27_583087,410
583251,デリアごぼうサラダ大縦Ａ,デリア,惣菜,対象,27,27_583251,410
583556,ＢＡレタスポテト丸オ２５０５,デリア,惣菜,対象,27,27_583556,410
583734,デリアごぼうサラダ小ＮＢ,デリア,惣菜,対象,27,27_583734,410
583843,ＯＧ野菜ポテトサラダ２５縦,デリア,惣菜,対象,27,27_583843,410
587333,ＭＴ７品目使用切干大根おからＳ,デリア,惣菜,対象,27,27_587333,410
587861,じゃがいもが美味しいポテトＳ,デリア,惣菜,対象,27,27_587861,410
588181,デリアごぼうサラダ大めむろ縦Ａ,デリア,惣菜,対象,27,27_588181,410
588193,デリア野菜ポテト１０％ＮＢ,デリア,惣菜,対象,27,27_588193,410
588341,Ｂ野菜ポテトサラダ２５０９,デリア,惣菜,対象,27,27_588341,410
588345,ＢＭ野菜ポテトサラダ大２５０９,デリア,惣菜,対象,27,27_588345,410
588349,Ｂ○野菜ポテト大２０％２５０９,デリア,惣菜,対象,27,27_588349,410
588355,デリアＭＨ増量ポテト小２５０９,デリア,惣菜,対象,27,27_588355,410
158181,ＮＢレタスポテト２４０５増量,デリア,惣菜,対象,27,27_158181,410
546425,ＦＲレタスポテ中２０増２５１０,デリア,惣菜,対象,27,27_546425,410
549793,薬味たっぷり焼き玉ねぎ　時間有,デリア,惣菜,対象,27,27_549793,410
560714,ＮＢ機能性ごぼうＳオ２３１２,デリア,惣菜,対象,27,27_560714,410
562135,デリア野菜ポテトサラダＣＴ,デリア,惣菜,対象,27,27_562135,410
568120,ＮＢ野菜ポテトサラダ大２４０３,デリア,惣菜,対象,27,27_568120,410
568565,デリア野菜ポテト小ＮＢ,デリア,惣菜,対象,27,27_568565,410
568619,ＤＣ野菜ポテトサラダ２４０３,デリア,惣菜,対象,27,27_568619,410
572034,Ｂ野菜ポテトサラダ小２４０６,デリア,惣菜,対象,27,27_572034,410
572038,ＢＭ野菜ポテトサラダ２４０６,デリア,惣菜,対象,27,27_572038,410
572042,Ｂ野菜ポテト大１０％増２４０６,デリア,惣菜,対象,27,27_572042,410
572470,ＩＮ野菜ポテトサラダ小２４０５,デリア,惣菜,対象,27,27_572470,410
575179,デリアＨ１０％増野菜ポテ小調整,デリア,惣菜,対象,27,27_575179,410
575949,ＭＶレタスポテト縦２４１０,デリア,惣菜,対象,27,27_575949,410
575953,Ｔレタスポテト２４１０,デリア,惣菜,対象,27,27_575953,410
575957,Ｂレタスポテト２４１０,デリア,惣菜,対象,27,27_575957,410
575965,ＦＲレタスポテトＳ大２５１１,デリア,惣菜,対象,27,27_575965,410
578521,Ｆ野菜ポテトサラダ大２９９縦,デリア,惣菜,対象,27,27_578521,410
581360,ＣＮＴＱＰマヨはじまりのポテト,デリア,惣菜,対象,27,27_581360,410
581402,デリア点縦ポテト中２５０４,デリア,惣菜,対象,27,27_581402,410
581406,デリア点ポテトＳ小２５０４,デリア,惣菜,対象,27,27_581406,410
581410,デリア上横増量ポテト大２５０４,デリア,惣菜,対象,27,27_581410,410
581414,デリア売無増量ポテト中２５０４,デリア,惣菜,対象,27,27_581414,410
561412,じゃがいもが美味しいポテト増,デリア,惣菜,対象,27,27_561412,410
568763,ＣＧＣブランド野菜ポテトＳ小,デリア,惣菜,対象,27,27_568763,410
568910,ＢＷＫ野菜ポテトサラダ２４０３,デリア,惣菜,対象,27,27_568910,410
569048,デリア点縦１０％増お野菜ポテト,デリア,惣菜,対象,27,27_569048,410
569052,デリアＨお野菜ポテトサラダ,デリア,惣菜,対象,27,27_569052,410
569268,ＢＡ拘りレタス野菜ポテトＳ丸オ,デリア,惣菜,対象,27,27_569268,410
569617,ＮＢ野菜ポテトサラダ大２４オ,デリア,惣菜,対象,27,27_569617,410
572626,ＮＢ９種野菜のマカロニサラダ,デリア,惣菜,対象,27,27_572626,410
573090,Ｂ野菜ポテトサラダ２５％増量,デリア,惣菜,対象,27,27_573090,410
573329,ＢＭ野菜ポテト大１０増２５０７,デリア,惣菜,対象,27,27_573329,410
576246,Ｏ野菜ポテトサラダ２４１０増縦,デリア,惣菜,対象,27,27_576246,410
576678,Ｂ野菜ポテトサラダ小２４１０,デリア,惣菜,対象,27,27_576678,410
576683,Ｂ野菜ポテトサラダ大２４１０,デリア,惣菜,対象,27,27_576683,410
576687,Ｂ野菜ポテトサラダ売変２４１０,デリア,惣菜,対象,27,27_576687,410
576691,Ｂ野菜ポテトＳ１０％増２４１０,デリア,惣菜,対象,27,27_576691,410
579619,ＮＢ野菜ポテトサラダ２５０５,デリア,惣菜,対象,27,27_579619,410
579759,ＮＢレタスポテト通常２４１２,デリア,惣菜,対象,27,27_579759,410
579763,ＭＶレタスポテト大通常２４１２,デリア,惣菜,対象,27,27_579763,410
580377,ＨＮレタスポテト中２５０５,デリア,惣菜,対象,27,27_580377,410
580381,ＦＲレタスポテトＳ小２５０５,デリア,惣菜,対象,27,27_580381,410
580385,ＦＲレタスポテトＳ大増２５０５,デリア,惣菜,対象,27,27_580385,410
583060,ＦＲレタスポテトＳ大２５０４,デリア,惣菜,対象,27,27_583060,410
583159,ＩＮ野菜ポテトサラダ２５０５,デリア,惣菜,対象,27,27_583159,410
583257,デリアはじまりのポテトＮＢ,デリア,惣菜,対象,27,27_583257,410
583699,Ｆ野菜ポテトサラダ１９９縦,デリア,惣菜,対象,27,27_583699,410
583836,ＨＮレタスポテト特大２５０５,デリア,惣菜,対象,27,27_583836,410
583852,ＩＮ野菜ポテトサラダ２５０５,デリア,惣菜,対象,27,27_583852,410
587682,デリア宅配ポテト小２５１２,デリア,惣菜,対象,27,27_587682,410
587985,デリア売無縦ポテト小２５０４,デリア,惣菜,対象,27,27_587985,410
588183,デリアごぼうサラダ小めむろＮＢ,デリア,惣菜,対象,27,27_588183,410
588284,デリア点縦増量ポテト中２５０９,デリア,惣菜,対象,27,27_588284,410
588343,Ｂ野菜ポテト大１０％増２５０９,デリア,惣菜,対象,27,27_588343,410
588347,ＢＭ野菜ポテト大１０増２５０９,デリア,惣菜,対象,27,27_588347,410
588352,Ｂ野菜ポテトサラダ小２５０９,デリア,惣菜,対象,27,27_588352,410
542725,ＫＳ野菜ポテトサラダ２４０３,デリア,惣菜,対象,27,27_542725,410
546811,ＩＮ野菜ポテトサラダ小２４０４,デリア,惣菜,対象,27,27_546811,410
560606,ＮＢ野菜ポテトＳ大増量２５０５,デリア,惣菜,対象,27,27_560606,410
561919,レタス野菜ポテＳ小　時間有,デリア,惣菜,対象,27,27_561919,410
567948,デリア込縦ポテト大２５０４,デリア,惣菜,対象,27,27_567948,410
568189,Ｆ野菜ポテトサラダ大２９９縦,デリア,惣菜,対象,27,27_568189,410
568415,デリア込縦増量ポテト大２５０４,デリア,惣菜,対象,27,27_568415,410
568608,レタスにこだわった野菜ポテトＳ,デリア,惣菜,対象,27,27_568608,410
571636,ＯＧ野菜ポテトＳ大増量０５縦,デリア,惣菜,対象,27,27_571636,410
571864,ＴＩレタスポテトＳ増,デリア,惣菜,対象,27,27_571864,410
572036,Ｂ○野菜ポテトサラダ２４０６,デリア,惣菜,対象,27,27_572036,410
572040,Ｂ野菜ポテトサラダ大２４０６,デリア,惣菜,対象,27,27_572040,410
572045,ＢＷＫ野菜ポテトＳ大２４０６,デリア,惣菜,対象,27,27_572045,410
575139,デリア売無野菜ポテト２５０６,デリア,惣菜,対象,27,27_575139,410
575314,デリア野菜ポテト透明ＮＢ,デリア,惣菜,対象,27,27_575314,410
575943,ＮＢレタスポテト２４１０,デリア,惣菜,対象,27,27_575943,410
575947,ＡＭレタスポテト縦２４１０,デリア,惣菜,対象,27,27_575947,410
575951,ＭＶレタスポテト縦増２４１０,デリア,惣菜,対象,27,27_575951,410
575959,ＣＲレタスポテト２４１０,デリア,惣菜,対象,27,27_575959,410
578412,ＡＥ泉州玉ねぎ焼き浸し２５０７,デリア,惣菜,対象,27,27_578412,410
581400,デリア点横ポテト大２５０４,デリア,惣菜,対象,27,27_581400,410
581404,デリア上横ポテト中２５０４,デリア,惣菜,対象,27,27_581404,410
581408,デリア点縦増量ポテト大２５０４,デリア,惣菜,対象,27,27_581408,410
581412,デリア点横増量ポテト中２５０４,デリア,惣菜,対象,27,27_581412,410
581446,じゃがいもが美味しいポテトＳ,デリア,惣菜,対象,27,27_581446,410
581559,Ｂじゃがいも美味しいポテトＳ大,デリア,惣菜,対象,27,27_581559,410
581632,デリア点縦野菜ポテト２５０３,デリア,惣菜,対象,27,27_581632,410
581636,デリア点縦２０％野菜Ｐ２５０３,デリア,惣菜,対象,27,27_581636,410
540038,ＮＢレタスポテト特大２４０５,デリア,惣菜,対象,27,27_540038,410
563633,ＣＮＴカラダ想いポテトサラダ,デリア,惣菜,対象,27,27_563633,410
568911,ＢＷＫ野菜ポテトＳ大２４０３,デリア,惣菜,対象,27,27_568911,410
569049,デリア点横１０％増お野菜ポテト,デリア,惣菜,対象,27,27_569049,410
569053,ＨＤ　デリアＨ２０％増お野菜ポテト,デリア,惣菜,対象,27,27_569053,410
569106,ＴＫ野菜ポテトサラダ大２４オ,デリア,惣菜,対象,27,27_569106,410
569318,デリアＤお野菜ポテトサラダ,デリア,惣菜,対象,27,27_569318,410
569397,デリア上横お野菜ポテトサラダ,デリア,惣菜,対象,27,27_569397,410
572486,ＮＢレタスポテト増量２４０７,デリア,惣菜,対象,27,27_572486,410
572849,ＣＧＣ９種野菜マカデリオ３０増,デリア,惣菜,対象,27,27_572849,410
573092,Ｂ〇野菜ポテトサラダ大２０％増,デリア,惣菜,対象,27,27_573092,410
576013,ＦＲレタスポテトＳ中２５１１,デリア,惣菜,対象,27,27_576013,410
576329,デリア野菜ポテト透明１０％縦Ｊ,デリア,惣菜,対象,27,27_576329,410
576680,Ｂ野菜ポテトサラダ２４１０,デリア,惣菜,対象,27,27_576680,410
576684,Ｂ野菜ポテト大１０％増２４１０,デリア,惣菜,対象,27,27_576684,410
576688,Ｂ野菜ポテトＳ２５％増２４１０,デリア,惣菜,対象,27,27_576688,410
579620,ＮＢ野菜ポテトサラダ大２５０５,デリア,惣菜,対象,27,27_579620,410
579683,ＤＣ野菜ポテトサラダ２５０５,デリア,惣菜,対象,27,27_579683,410
579760,ＮＢレタスポテト大通常２４１２,デリア,惣菜,対象,27,27_579760,410
579764,Ｔレタスポテト通常２４１２,デリア,惣菜,対象,27,27_579764,410
579935,ＯＸ野菜ポテトサラダ２４１２,デリア,惣菜,対象,27,27_579935,410
580133,デリア野菜ポテトサラダＮＢ,デリア,惣菜,対象,27,27_580133,410
580378,ＨＮレタスポテトＳ中増２５０５,デリア,惣菜,対象,27,27_580378,410
580382,ＦＲレタスポテトＳ中２５０５,デリア,惣菜,対象,27,27_580382,410
583054,ＨＮレタスポテト中茨城２５０４,デリア,惣菜,対象,27,27_583054,410
583086,ＭＶレタスポテト大２５０５縦増,デリア,惣菜,対象,27,27_583086,410
583160,ＩＮ野菜ポテトサラダ小２５０５,デリア,惣菜,対象,27,27_583160,410
583551,ＴＫ野菜ポテトサラダ大２５オ,デリア,惣菜,対象,27,27_583551,410
583700,Ｆ野菜ポテトサラダ大２９９縦,デリア,惣菜,対象,27,27_583700,410
583840,ＯＸ野菜ポテト,デリア,惣菜,対象,27,27_583840,410
587328,７品目使用！切干大根とおからＳ,デリア,惣菜,対象,27,27_587328,410
587860,じゃがいもが美味しいポテトＳ大,デリア,惣菜,対象,27,27_587860,410
587986,デリア売無縦ポテト中２５０９,デリア,惣菜,対象,27,27_587986,410
588192,デリア野菜ポテトＮＢ,デリア,惣菜,対象,27,27_588192,410
588285,デリア点横増量ポテト中２５０９,デリア,惣菜,対象,27,27_588285,410
588344,ＢＭ野菜ポテトサラダ２５０９,デリア,惣菜,対象,27,27_588344,410
588348,Ｂ○野菜ポテトサラダ大２５０９,デリア,惣菜,対象,27,27_588348,410
588354,デリアＭＨポテト小２５０９,デリア,惣菜,対象,27,27_588354,410
542726,ＫＳ野菜ポテトサラダ大２４０３,デリア,惣菜,対象,27,27_542726,410
546813,ＩＮ野菜ポテトサラダ２４０４,デリア,惣菜,対象,27,27_546813,410
560706,ＮＢ機能性ポテトＳオ２３１２,デリア,惣菜,対象,27,27_560706,410
562126,レタスにこだわった野菜ポテＳ増,デリア,惣菜,対象,27,27_562126,410
568119,ＮＢ野菜ポテトサラダ２４０３,デリア,惣菜,対象,27,27_568119,410
568609,レタスにこだわった野菜ポテＳ小,デリア,惣菜,対象,27,27_568609,410
571865,ＴＩレタスポテトＳ大増,デリア,惣菜,対象,27,27_571865,410
572037,Ｂ野菜ポテトサラダ２４０６,デリア,惣菜,対象,27,27_572037,410
572041,ＢＭ野菜ポテトサラダ大２４０６,デリア,惣菜,対象,27,27_572041,410
572218,デリア野菜ポテト２９８ＮＢ,デリア,惣菜,対象,27,27_572218,410
575178,デリアＨ１０％増野菜ポテ調整,デリア,惣菜,対象,27,27_575178,410
575315,デリア野菜ポテト小透明ＮＢ,デリア,惣菜,対象,27,27_575315,410
575944,ＮＢレタスポテト２４１０,デリア,惣菜,対象,27,27_575944,410
575952,ＭＶレタスポテト大縦増２４１０,デリア,惣菜,対象,27,27_575952,410
575960,Ｏ野菜ポテトサラダ２４１０縦,デリア,惣菜,対象,27,27_575960,410
578414,デリア売無１０％野菜Ｐ２５０６,デリア,惣菜,対象,27,27_578414,410
578541,デリアお野菜ポテト４５０円,デリア,惣菜,対象,27,27_578541,410
581401,デリア上横ポテト大２５０４,デリア,惣菜,対象,27,27_581401,410
581405,デリア売無ポテト中２５０４,デリア,惣菜,対象,27,27_581405,410
581409,デリア点横増量ポテト大２５０４,デリア,惣菜,対象,27,27_581409,410
581413,デリア上横増量ポテト中２５０４,デリア,惣菜,対象,27,27_581413,410
581447,じゃがいもが美味しいポテトＳ小,デリア,惣菜,対象,27,27_581447,410
581560,Ｂじゃがいも美味しいポテトＳ,デリア,惣菜,対象,27,27_581560,410
581633,デリア点横野菜ポテト２５０３,デリア,惣菜,対象,27,27_581633,410
547101,デリア野菜ポテトサラダ縦Ａ,デリア,惣菜,対象,27,27_547101,410
568762,ＣＧＣブランド野菜ポテトＳ大,デリア,惣菜,対象,27,27_568762,410
568842,ＴＢ野菜ポテトサラダ大２４０４,デリア,惣菜,対象,27,27_568842,410
568920,ＳＷ野菜ポテトＳ大増量２４０４,デリア,惣菜,対象,27,27_568920,410
569047,デリア点横お野菜ポテトサラダ,デリア,惣菜,対象,27,27_569047,410
569051,デリア点横お野菜ポテトサラダ小,デリア,惣菜,対象,27,27_569051,410
569055,デリアＨ２０％増お野菜ポテト小,デリア,惣菜,対象,27,27_569055,410
569148,Ｂレタスに拘り野菜ポテトＳ,デリア,惣菜,対象,27,27_569148,410
569322,ＯＸ野菜ポテトサラダ２４０３,デリア,惣菜,対象,27,27_569322,410
569408,ＯＧ野菜ポテトサラダ２４０３,デリア,惣菜,対象,27,27_569408,410
569616,ＮＢ野菜ポテトサラダ２４０３オ,デリア,惣菜,対象,27,27_569616,410
573089,Ｂ野菜ポテトサラダ大２５％増量,デリア,惣菜,対象,27,27_573089,410
573304,ＢＩＧレタスポテトＳ大２４０５,デリア,惣菜,対象,27,27_573304,410
576022,ＴＬなめらかポテトＳ増量,デリア,惣菜,対象,27,27_576022,410
576682,ＢＭ野菜ポテトサラダ２４１０,デリア,惣菜,対象,27,27_576682,410
576686,ＢＭ野菜ポテトサラダ大２４１０,デリア,惣菜,対象,27,27_576686,410
576690,Ｂ〇野菜ポテトサラダ大２０％増,デリア,惣菜,対象,27,27_576690,410
579588,ＮＢ９種マカロニＳステ２９８増,デリア,惣菜,対象,27,27_579588,410
579599,ＮＢ９種野菜マカロニ丸２９８オ,デリア,惣菜,対象,27,27_579599,410
579762,ＭＶレタスポテト縦通常２４１２,デリア,惣菜,対象,27,27_579762,410
579766,ＢＩＧレタスポテト通常２４１２,デリア,惣菜,対象,27,27_579766,410
580037,ＭＢ野菜ポテト小移管有事,デリア,惣菜,対象,27,27_580037,410
580376,ＨＮレタスポテトＳ小２５０５,デリア,惣菜,対象,27,27_580376,410
580380,ＨＮレタスポテトＳ大増２５０５,デリア,惣菜,対象,27,27_580380,410
580384,ＦＲレタスポテトＳ大２５０５,デリア,惣菜,対象,27,27_580384,410
583059,ＦＲレタスポテトＳ中２５０４,デリア,惣菜,対象,27,27_583059,410
583147,デリア増量なめらかポテサラ中,デリア,惣菜,対象,27,27_583147,410
583252,デリアごぼうサラダ中縦Ａ,デリア,惣菜,対象,27,27_583252,410
583692,デリアポテト丸カップ,デリア,惣菜,対象,27,27_583692,410
583736,ＯＸ野菜ポテト,デリア,惣菜,対象,27,27_583736,410
583844,ＯＧ野菜ポテトサラダ大２５縦,デリア,惣菜,対象,27,27_583844,410
587681,デリア宅配ポテト大２５１２,デリア,惣菜,対象,27,27_587681,410
587862,じゃがいもが美味しいポテトＳ小,デリア,惣菜,対象,27,27_587862,410
588182,デリアごぼうサラダ中めむろ縦Ａ,デリア,惣菜,対象,27,27_588182,410
588283,デリア売無横ポテト小２５０４,デリア,惣菜,対象,27,27_588283,410
588342,Ｂ野菜ポテトサラダ大２５０９,デリア,惣菜,対象,27,27_588342,410
588346,ＢＭ野菜ポテトＳ１０増２５０９,デリア,惣菜,対象,27,27_588346,410
588350,Ｂ野菜ポテトサラダ売変２５０９,デリア,惣菜,対象,27,27_588350,410
588400,デリア売無丸ポテト２５０９,デリア,惣菜,対象,27,27_588400,410
158182,ＮＢレタスポテト大２４０５増量,デリア,惣菜,対象,27,27_158182,410
546426,ＦＲレタスポテ大２０増２５１０,デリア,惣菜,対象,27,27_546426,410
560605,ＮＢ野菜ポテトＳ増量２５０５,デリア,惣菜,対象,27,27_560605,410
560717,ＮＢ機能性ツナマカＳオ２３１２,デリア,惣菜,対象,27,27_560717,410
562339,ＮＢ野菜ポテトサラダ大２４１２,デリア,惣菜,対象,27,27_562339,410
568187,Ｆ野菜ポテトサラダ１９９縦,デリア,惣菜,対象,27,27_568187,410
568409,ＢＭ野菜ポテトＳ１０増２５０７,デリア,惣菜,対象,27,27_568409,410
568607,レタスにこだわった野菜ポテＳ大,デリア,惣菜,対象,27,27_568607,410
571807,デリアＤＳポテト大２５０５,デリア,惣菜,対象,27,27_571807,410
572035,ＢＭ野菜ポテトサラダ小２４０６,デリア,惣菜,対象,27,27_572035,410
572039,Ｂ○野菜ポテトサラダ大２４０６,デリア,惣菜,対象,27,27_572039,410
572044,ＢＷＫ野菜ポテトサラダ２４０６,デリア,惣菜,対象,27,27_572044,410
572471,ＩＮ野菜ポテトサラダ２４０５,デリア,惣菜,対象,27,27_572471,410
575313,デリア野菜ポテト透明１０％ＮＢ,デリア,惣菜,対象,27,27_575313,410
575950,ＭＶレタスポテト大縦２４１０,デリア,惣菜,対象,27,27_575950,410
575954,Ｔレタスポテト大２４１０,デリア,惣菜,対象,27,27_575954,410
575958,ＢＩＧレタスポテト大２４１０,デリア,惣菜,対象,27,27_575958,410
578523,Ｆ野菜ポテトサラダ１９９縦,デリア,惣菜,対象,27,27_578523,410
581399,デリア点縦ポテト大２５０４,デリア,惣菜,対象,27,27_581399,410
581403,デリア点横ポテト中２５０４,デリア,惣菜,対象,27,27_581403,410
581407,デリアＤＲＧポテト中２５０４,デリア,惣菜,対象,27,27_581407,410
581411,デリア点縦増量ポテト中２５０４,デリア,惣菜,対象,27,27_581411,410
581445,じゃがいもが美味しいポテトＳ大,デリア,惣菜,対象,27,27_581445,410
581456,キユーピーマヨはじまりポテトＳ,デリア,惣菜,対象,27,27_581456,410
581561,Ｂじゃがいも美味しいポテトＳ小,デリア,惣菜,対象,27,27_581561,410
581634,デリア点縦１０％野菜Ｐ２５０３,デリア,惣菜,対象,27,27_581634,410
581639,デリア上横野菜ポテト２５０３,デリア,惣菜,対象,27,27_581639,410
581644,デリア売無野菜ポテト２５０３,デリア,惣菜,対象,27,27_581644,410
581648,デリアＤ２０％野菜Ｐ２５０３,デリア,惣菜,対象,27,27_581648,410
581659,デリア野菜Ｐ４５０円２５０３,デリア,惣菜,対象,27,27_581659,410
581693,Ｂ野菜ポテトサラダ大２５０２,デリア,惣菜,対象,27,27_581693,410
581697,Ｂ野菜ポテトサラダ売変２５０２,デリア,惣菜,対象,27,27_581697,410
581819,デリアはじまりのポテト特価,デリア,惣菜,対象,27,27_581819,410
581913,デリア宅配野菜ポテト小２５０７,デリア,惣菜,対象,27,27_581913,410
581921,デリアＨ１０％野菜Ｐ２９８円,デリア,惣菜,対象,27,27_581921,410
581925,デリアＭＶ１０％野菜Ｐ２９８円,デリア,惣菜,対象,27,27_581925,410
582083,ＭＶなめらかポテトサラダ大縦,デリア,惣菜,対象,27,27_582083,410
582136,じゃがいも美味しいポテト２０増,デリア,惣菜,対象,27,27_582136,410
584993,ＮＢ９種野菜マカ丸オ２０増,デリア,惣菜,対象,27,27_584993,410
585087,ＤＣ野菜ポテト有事用２５０８,デリア,惣菜,対象,27,27_585087,410
585185,ＭＶレタスポテト大縦オ２５１０,デリア,惣菜,対象,27,27_585185,410
585290,【デリア】ＯＰなめらかポテト中,デリア,惣菜,対象,27,27_585290,410
585317,ＮＢ９種野菜マカ２５０８丸オ,デリア,惣菜,対象,27,27_585317,410
585324,ＭＹデリアいぶりがっこポテト,デリア,惣菜,対象,27,27_585324,410
585398,デリア点淡路島玉葱焼浸２５０７,デリア,惣菜,対象,27,27_585398,410
585415,デリアＭＶ野菜ポテトＤ２,デリア,惣菜,対象,27,27_585415,410
585479,デリア点横野菜ポテトＤ２,デリア,惣菜,対象,27,27_585479,410
585488,レタスにこだわった野菜ポテトＳ,デリア,惣菜,対象,27,27_585488,410
585500,デリア売無１０％野菜ポテトＤ２,デリア,惣菜,対象,27,27_585500,410
585506,デリアＨ野菜ポテトＤ２,デリア,惣菜,対象,27,27_585506,410
585518,デリアＤ売無野菜ポテトＤ２,デリア,惣菜,対象,27,27_585518,410
589386,デリア売無縦増ポテト中２５１０,デリア,惣菜,対象,27,27_589386,410
589531,ＩＮ野菜ポテトサラダ増２５０５,デリア,惣菜,対象,27,27_589531,410
195301,Ｆ野菜ポテトサラダ大２９９縦増,デリア,惣菜,対象,27,27_195301,410
541864,ＳＷ野菜ポテトＳ大増２４０４オ,デリア,惣菜,対象,27,27_541864,410
546128,ＮＢレタスポテト特大２５０５,デリア,惣菜,対象,27,27_546128,410
569697,デリア　レタス野菜ポテト,デリア,惣菜,対象,27,27_569697,410
569791,ＭＢ拘りレタス野菜ポテト小,デリア,惣菜,対象,27,27_569791,410
569975,レタスに拘った野菜ポテトオ,デリア,惣菜,対象,27,27_569975,410
570016,デリア下縦お野菜ポテトサラダ,デリア,惣菜,対象,27,27_570016,410
570143,ＭＶレタスに拘り野菜ポテト縦増,デリア,惣菜,対象,27,27_570143,410
570207,Ｆ野菜ポテトサラダ１９９縦,デリア,惣菜,対象,27,27_570207,410
573854,ＨＮレタスポテトＳ中２４０７,デリア,惣菜,対象,27,27_573854,410
573858,ＨＮレタスポテトＳ中２４０７増,デリア,惣菜,対象,27,27_573858,410
573897,デリア売無１０％増お野菜ポテト,デリア,惣菜,対象,27,27_573897,410
573977,デリア野菜ポテト透明縦Ｊ,デリア,惣菜,対象,27,27_573977,410
577110,デリア１０％増ＭＶお野菜ポテト,デリア,惣菜,対象,27,27_577110,410
577585,ＤＣ野菜ポテトサラダ２４１０,デリア,惣菜,対象,27,27_577585,410
577645,ＮＢ野菜ポテトサラダ大２４オ,デリア,惣菜,対象,27,27_577645,410
581003,ＮＢなめらかポテトサラダ小,デリア,惣菜,対象,27,27_581003,410
581183,デリアポテトサラダ大ＮＢ,デリア,惣菜,対象,27,27_581183,410
581199,ＭＶレタスポテトＳ２５０５縦,デリア,惣菜,対象,27,27_581199,410
581205,ＣＲレタスポテト２５０５,デリア,惣菜,対象,27,27_581205,410
581282,デリアなめらかポテサラ大,デリア,惣菜,対象,27,27_581282,410
583885,宅配はじまりのポテトサラダ,デリア,惣菜,対象,27,27_583885,410
583977,デリアねぎ塩キャベツＣＴ,デリア,惣菜,対象,27,27_583977,410
584261,ＴＬ国産じゃがいもポテト増量,デリア,惣菜,対象,27,27_584261,410
584339,ＨＮレタスポテトＳ中増２５０６,デリア,惣菜,対象,27,27_584339,410
584357,ＣＧＣブランド野菜ポＳ２５０６,デリア,惣菜,対象,27,27_584357,410
584531,ＩＮ野菜ポテトサラダ増２５０６,デリア,惣菜,対象,27,27_584531,410
584762,デリア野菜ポテト１０％縦Ａ,デリア,惣菜,対象,27,27_584762,410
588495,デリアＤＳポテト小２５０９,デリア,惣菜,対象,27,27_588495,410
588679,ＨＮレタスポテト大２０増２５,デリア,惣菜,対象,27,27_588679,410
588989,デリア野菜ポテトＴＲ,デリア,惣菜,対象,27,27_588989,410
589009,Ｆ野菜ポテトサラダ２０増縦,デリア,惣菜,対象,27,27_589009,410
589251,Ｂ野菜ポテトＳ１０増２５０９,デリア,惣菜,対象,27,27_589251,410
581637,デリア点横２０％野菜Ｐ２５０３,デリア,惣菜,対象,27,27_581637,410
581643,デリア込縦１０％野菜Ｐ２５０３,デリア,惣菜,対象,27,27_581643,410
581647,デリアＤ１０％野菜Ｐ２５０３,デリア,惣菜,対象,27,27_581647,410
581656,デリアＭＶ売変野菜Ｐ２５０３,デリア,惣菜,対象,27,27_581656,410
581692,ＢＭ野菜ポテトサラダ２５０２,デリア,惣菜,対象,27,27_581692,410
581696,ＢＭ野菜ポテトサラダ大２５０２,デリア,惣菜,対象,27,27_581696,410
581704,Ｂ愛知県産たまねぎ焼きびたし,デリア,惣菜,対象,27,27_581704,410
581884,デリア宅配はじまりのポテト,デリア,惣菜,対象,27,27_581884,410
581920,デリアＨ野菜ポテト２９８円,デリア,惣菜,対象,27,27_581920,410
581924,デリアＭＶ売変野菜Ｐ小２５０３,デリア,惣菜,対象,27,27_581924,410
582046,薬味たっぷり！焼き玉ねぎ,デリア,惣菜,対象,27,27_582046,410
582086,ＭＶなめらかポテトサラダ中縦増,デリア,惣菜,対象,27,27_582086,410
584992,ＮＢ９種野菜マカデリオ２０増,デリア,惣菜,対象,27,27_584992,410
585020,ＮＢなめらかポテト大２０増,デリア,惣菜,対象,27,27_585020,410
585184,ＭＶレタスポテトＳ縦オ２５１０,デリア,惣菜,対象,27,27_585184,410
585257,デリアねぎ塩キャベツ縦ＢＩＧ,デリア,惣菜,対象,27,27_585257,410
585316,ＮＢ９種野菜マカ２５０８デリオ,デリア,惣菜,対象,27,27_585316,410
585320,ＮＢ９種野菜マカＳステ２０増,デリア,惣菜,対象,27,27_585320,410
585355,ＮＢデリアいぶりがっこポテト,デリア,惣菜,対象,27,27_585355,410
585414,デリアＭＶ１０％野菜ポテトＤ２,デリア,惣菜,対象,27,27_585414,410
585478,デリア点縦野菜ポテトＤ２,デリア,惣菜,対象,27,27_585478,410
585484,デリア込縦野菜ポテトＤ２,デリア,惣菜,対象,27,27_585484,410
585498,デリア上横野菜ポテトＤ２,デリア,惣菜,対象,27,27_585498,410
585505,デリア売無野菜ポテトＤ２,デリア,惣菜,対象,27,27_585505,410
585516,デリアＤ野菜ポテトＤ２,デリア,惣菜,対象,27,27_585516,410
589383,デリア点横増量ポテト小２５１０,デリア,惣菜,対象,27,27_589383,410
589481,デリア点横増量ポテト大２５１０,デリア,惣菜,対象,27,27_589481,410
542509,ＦＲレタスポテトＳ大２４０５,デリア,惣菜,対象,27,27_542509,410
569696,デリア　レタス野菜ポテト小,デリア,惣菜,対象,27,27_569696,410
569790,ＭＢ拘りレタス野菜ポテト,デリア,惣菜,対象,27,27_569790,410
569937,ＣＩ野菜ポテトサラダ大２４０３,デリア,惣菜,対象,27,27_569937,410
570109,ＢＡ拘りレタス野菜ポテト丸オ増,デリア,惣菜,対象,27,27_570109,410
570205,ＫＳ野菜ポテトサラダ大２４０４,デリア,惣菜,対象,27,27_570205,410
570414,ＮＢ野菜ポテトＳ２４０４オ,デリア,惣菜,対象,27,27_570414,410
570493,ＣＧＣブランド野菜ポテトＳ,デリア,惣菜,対象,27,27_570493,410
573651,ＭＳＮＢ野菜ポテトサラダ,デリア,惣菜,対象,27,27_573651,410
573857,ＦＲレタスポテトＳ大２４０７,デリア,惣菜,対象,27,27_573857,410
573861,ＦＲレタスポテトＳ大２４０７増,デリア,惣菜,対象,27,27_573861,410
577063,デリアＭＶお野菜ポテトサラダ,デリア,惣菜,対象,27,27_577063,410
577300,ＯＧ野菜ポテトサラダ大２４縦,デリア,惣菜,対象,27,27_577300,410
577605,ＣＧＣ野菜ポテトサラダ２４１０,デリア,惣菜,対象,27,27_577605,410
580756,デリア売無淡路玉葱焼浸２５０６,デリア,惣菜,対象,27,27_580756,410
581006,ＮＢＱＰマヨはじまりのポテトＳ,デリア,惣菜,対象,27,27_581006,410
581186,デリアはじまりのポテトＮＢ,デリア,惣菜,対象,27,27_581186,410
581202,ＴＬ野菜ポテトサラダ大２５０５,デリア,惣菜,対象,27,27_581202,410
581281,デリアなめらかポテサラ中,デリア,惣菜,対象,27,27_581281,410
581285,キユーピーはじまりポテトサラダ,デリア,惣菜,対象,27,27_581285,410
583968,Ｆ野菜ポテトサラダ大２９９増縦,デリア,惣菜,対象,27,27_583968,410
584081,デリアねぎ塩キャベツ縦Ｃ,デリア,惣菜,対象,27,27_584081,410
584267,デリアポテトサラダ売価無ＮＢ,デリア,惣菜,対象,27,27_584267,410
584343,デリアごぼうサラダ中１０％縦Ａ,デリア,惣菜,対象,27,27_584343,410
584367,ＦＲレタスポテトＳ大増２５０６,デリア,惣菜,対象,27,27_584367,410
584751,デリア野菜ポテト１０％ＮＢ,デリア,惣菜,対象,27,27_584751,410
588494,デリア込縦増量ポテト２５０９,デリア,惣菜,対象,27,27_588494,410
588678,ＨＮレタスポテト中２０増２５,デリア,惣菜,対象,27,27_588678,410
588841,ＮＢ野菜ポテトサラダ大２０増,デリア,惣菜,対象,27,27_588841,410
589008,Ｆ野菜ポテトサラダ大２０増縦,デリア,惣菜,対象,27,27_589008,410
589111,デリア下縦増量ポテト２５０９,デリア,惣菜,対象,27,27_589111,410
540929,ＮＢレタスポテトＳ２４０５,デリア,惣菜,対象,27,27_540929,410
540942,ＴレタスポテトＳ大２４０５,デリア,惣菜,対象,27,27_540942,410
541346,ＭＶレタスポテトＳ縦２４０５,デリア,惣菜,対象,27,27_541346,410
548623,ＮＢレタスポテト特大２５０４,デリア,惣菜,対象,27,27_548623,410
581558,Ｂはじまりのポテトサラダ,デリア,惣菜,対象,27,27_581558,410
581631,デリア点横野菜ポテト小２５０３,デリア,惣菜,対象,27,27_581631,410
581635,デリア点横１０％野菜Ｐ２５０３,デリア,惣菜,対象,27,27_581635,410
581641,デリア上横１０％野菜Ｐ２５０３,デリア,惣菜,対象,27,27_581641,410
581645,デリア売無１０％野菜Ｐ２５０３,デリア,惣菜,対象,27,27_581645,410
581651,デリアＨ１０％野菜Ｐ小２５０３,デリア,惣菜,対象,27,27_581651,410
581689,Ｂ野菜ポテトサラダ小２５０２,デリア,惣菜,対象,27,27_581689,410
581694,Ｂ野菜ポテト大１０％増２５０２,デリア,惣菜,対象,27,27_581694,410
581700,Ｂ〇野菜ポテト大２０％２５０２,デリア,惣菜,対象,27,27_581700,410
581918,デリア宅配ポテト大２５０７,デリア,惣菜,対象,27,27_581918,410
581922,デリアＨ２０％野菜Ｐ２９８円,デリア,惣菜,対象,27,27_581922,410
581926,デリアＭＶ２０％野菜Ｐ２９８円,デリア,惣菜,対象,27,27_581926,410
582084,ＭＶなめらかポテトサラダ中縦,デリア,惣菜,対象,27,27_582084,410
584990,ＮＢ９種マカ小Ｓステ２０増,デリア,惣菜,対象,27,27_584990,410
584994,ＮＢ９種野菜マカ丸２０増,デリア,惣菜,対象,27,27_584994,410
585107,キユーピーはじまりポテトＳ時間,デリア,惣菜,対象,27,27_585107,410
585190,ＦＲレタスポテトＳ中２０増２５,デリア,惣菜,対象,27,27_585190,410
585314,ＮＢ９種マカ小２５０８Ｓステ,デリア,惣菜,対象,27,27_585314,410
585318,ＮＢ９種野菜マカ２５０８丸,デリア,惣菜,対象,27,27_585318,410
585353,デリア点横野菜ポテト大Ｄ２,デリア,惣菜,対象,27,27_585353,410
585399,デリア上淡路島玉葱焼浸２５０７,デリア,惣菜,対象,27,27_585399,410
585416,デリアＭＶ野菜ポテト小Ｄ２,デリア,惣菜,対象,27,27_585416,410
585480,デリア点縦１０％野菜ポテトＤ２,デリア,惣菜,対象,27,27_585480,410
585489,レタスにこだわった野菜ポテト大,デリア,惣菜,対象,27,27_585489,410
585501,デリア上横１０％野菜ポテトＤ２,デリア,惣菜,対象,27,27_585501,410
585511,デリアＨ１０％野菜ポテト小Ｄ２,デリア,惣菜,対象,27,27_585511,410
585520,デリアＤ１０％野菜ポテトＤ２,デリア,惣菜,対象,27,27_585520,410
589443,ごぼうサラダ大１０％めむろ縦Ａ,デリア,惣菜,対象,27,27_589443,410
589532,ＩＮ野菜ポテトＳ小増２５０５,デリア,惣菜,対象,27,27_589532,410
542483,ＡＸレタスポテト特大２４０５,デリア,惣菜,対象,27,27_542483,410
542507,ＦＲレタスポテトＳ小２４０７,デリア,惣菜,対象,27,27_542507,410
549351,薬味たっぷり！香味ダレの焼き玉ねぎ,デリア,惣菜,対象,27,27_549351,410
569743,デリア上横１０％増お野菜ポテト,デリア,惣菜,対象,27,27_569743,410
569828,デリア点淡路島玉ねぎ焼き浸し,デリア,惣菜,対象,27,27_569828,410
570006,ＮＢ野菜ポテトＳ２４０４,デリア,惣菜,対象,27,27_570006,410
570146,ＭＶレタス拘り野菜ポテト大縦増,デリア,惣菜,対象,27,27_570146,410
573437,デリア野菜ポテト２９８ＣＴ,デリア,惣菜,対象,27,27_573437,410
573855,ＨＮレタスポテトＳ大２４０７,デリア,惣菜,対象,27,27_573855,410
573859,ＨＮレタスポテトＳ大２４０７増,デリア,惣菜,対象,27,27_573859,410
573978,デリア野菜ポテト透明小縦Ｊ,デリア,惣菜,対象,27,27_573978,410
576997,ＣＧＣ野菜ポテトサラダ小,デリア,惣菜,対象,27,27_576997,410
577111,デリア２０％増ＭＶお野菜ポテト,デリア,惣菜,対象,27,27_577111,410
577600,ＮＢ９種野菜マカロニ増２４１０,デリア,惣菜,対象,27,27_577600,410
577646,ＮＢ野菜ポテトサラダ大オ２４,デリア,惣菜,対象,27,27_577646,410
581004,ＮＢなめらかポテトサラダ中,デリア,惣菜,対象,27,27_581004,410
581184,デリアポテトサラダＮＢ,デリア,惣菜,対象,27,27_581184,410
581200,ＭＶレタスポテトＳ大２５０５縦,デリア,惣菜,対象,27,27_581200,410
581278,デリアはじまりのポテトサラダ,デリア,惣菜,対象,27,27_581278,410
581283,デリアレタス野菜ポテト小,デリア,惣菜,対象,27,27_581283,410
584079,デリアねぎ塩キャベツＮＢ,デリア,惣菜,対象,27,27_584079,410
584262,ＴＬ国産じゃがいもポテト大増量,デリア,惣菜,対象,27,27_584262,410
584340,ＨＮレタスポテトＳ大増２５０６,デリア,惣菜,対象,27,27_584340,410
584358,ＣＧＣブランド野ポＳ大２５０６,デリア,惣菜,対象,27,27_584358,410
588492,デリア売無横ポテト中２５０９,デリア,惣菜,対象,27,27_588492,410
588497,デリアＤＳ増量ポテト大２５０９,デリア,惣菜,対象,27,27_588497,410
588813,デリア点横２０％野菜ポテトＤ２,デリア,惣菜,対象,27,27_588813,410
589003,デリアＨ２０％増野菜Ｐ小Ｄ＋２,デリア,惣菜,対象,27,27_589003,410
589023,デリア野菜ポテト１０％ＴＲ,デリア,惣菜,対象,27,27_589023,410
589343,ＤＹレタスポテトサラダ２５１０,デリア,惣菜,対象,27,27_589343,410
161037,ＮＢ９種野菜マカＳデリオ　オ,デリア,惣菜,対象,27,27_161037,410
540944,ＴＩレタスポテトＳ２４０５,デリア,惣菜,対象,27,27_540944,410
567194,Ｂ○となみ野産たまねぎ焼きびたし,デリア,惣菜,対象,27,27_567194,410
581642,デリア込縦野菜ポテト２５０３,デリア,惣菜,対象,27,27_581642,410
581646,デリアＤ野菜ポテト２５０３,デリア,惣菜,対象,27,27_581646,410
581653,デリアＨ２０％野菜Ｐ小２５０３,デリア,惣菜,対象,27,27_581653,410
581690,Ｂ野菜ポテトサラダ２５０２,デリア,惣菜,対象,27,27_581690,410
581695,Ｂ○野菜ポテトサラダ大２５０２,デリア,惣菜,対象,27,27_581695,410
581701,Ｂ野菜ポテトＳ１０％増２５０２,デリア,惣菜,対象,27,27_581701,410
581883,デリア宅配野菜ポテト２５０７,デリア,惣菜,対象,27,27_581883,410
581919,デリア宅配ポテト２５０７,デリア,惣菜,対象,27,27_581919,410
581923,デリアＭＶ野菜ポテト２９８円,デリア,惣菜,対象,27,27_581923,410
581974,Ｂ恵那どり中華くらげ和２５１０,デリア,惣菜,対象,27,27_581974,410
582085,ＭＶなめらかポテトサラダ大縦増,デリア,惣菜,対象,27,27_582085,410
584991,ＮＢ９種マカ小デリオ２０増,デリア,惣菜,対象,27,27_584991,410
585019,ＮＢなめらかポテト中２０増,デリア,惣菜,対象,27,27_585019,410
585134,デリアねぎ塩キャベツ縦ＴＲ,デリア,惣菜,対象,27,27_585134,410
585191,ＦＲレタスポテトＳ大２０増２５,デリア,惣菜,対象,27,27_585191,410
585315,ＮＢ９種マカ小２５０８デリオ,デリア,惣菜,対象,27,27_585315,410
585319,ＮＢ９種野菜マカ２５０８Ｓステ,デリア,惣菜,対象,27,27_585319,410
585354,デリア売無野菜ポテト大Ｄ２,デリア,惣菜,対象,27,27_585354,410
585400,デリア売無淡路玉葱焼浸２５０７,デリア,惣菜,対象,27,27_585400,410
585477,デリア点横野菜ポテト小Ｄ２,デリア,惣菜,対象,27,27_585477,410
585481,デリア点横１０％野菜ポテトＤ２,デリア,惣菜,対象,27,27_585481,410
585496,デリア込縦１０％野菜ポテトＤ２,デリア,惣菜,対象,27,27_585496,410
585503,デリアＨ野菜ポテト小Ｄ２,デリア,惣菜,対象,27,27_585503,410
585513,デリアＨ１０％野菜ポテトＤ２,デリア,惣菜,対象,27,27_585513,410
589381,ごぼうサラダ中１０％めむろ縦Ａ,デリア,惣菜,対象,27,27_589381,410
589458,デリア野菜ポテトＢＩＧ,デリア,惣菜,対象,27,27_589458,410
542504,ＨＮレタスポテトＳ小２４０７,デリア,惣菜,対象,27,27_542504,410
542508,ＦＲレタスポテトＳ中２４０５,デリア,惣菜,対象,27,27_542508,410
569789,ＣＲ拘りレタス野菜ポテト,デリア,惣菜,対象,27,27_569789,410
569936,ＣＩ野菜ポテトサラダ,デリア,惣菜,対象,27,27_569936,410
570203,ＫＳ野菜ポテトサラダ２４０４,デリア,惣菜,対象,27,27_570203,410
570335,デリア下縦１０％増お野菜ポテト,デリア,惣菜,対象,27,27_570335,410
570491,ＣＧＣブランド野菜ポテトＳ大,デリア,惣菜,対象,27,27_570491,410
570581,デリアＤＳポテト大２５０４,デリア,惣菜,対象,27,27_570581,410
573856,ＦＲレタスポテトＳ中２４０７,デリア,惣菜,対象,27,27_573856,410
573860,ＦＲレタスポテトＳ中２４０７増,デリア,惣菜,対象,27,27_573860,410
573921,デリア野菜ポテトサラダ縦ＢＩＧ,デリア,惣菜,対象,27,27_573921,410
574014,ＫＳ野菜ポテトＳ大増量２４０７,デリア,惣菜,対象,27,27_574014,410
576998,ＣＧＣ野菜ポテトサラダ２０増,デリア,惣菜,対象,27,27_576998,410
577604,ＣＧＣ野菜ポテト大２４１０,デリア,惣菜,対象,27,27_577604,410
580528,ＢＡレタスポテト丸オ２５０１,デリア,惣菜,対象,27,27_580528,410
581005,ＮＢなめらかポテトサラダ大,デリア,惣菜,対象,27,27_581005,410
581185,デリアポテトサラダ小ＮＢ,デリア,惣菜,対象,27,27_581185,410
581201,ＴＬ野菜ポテトサラダ２５０５,デリア,惣菜,対象,27,27_581201,410
581279,デリアなめらかポテサラ小,デリア,惣菜,対象,27,27_581279,410
581284,デリアレタス野菜ポテト,デリア,惣菜,対象,27,27_581284,410
583967,Ｆ野菜ポテトサラダ１９９増縦,デリア,惣菜,対象,27,27_583967,410
584080,デリアねぎ塩キャベツ縦Ａ,デリア,惣菜,対象,27,27_584080,410
584265,デリアはじまりのポテトＣＴ,デリア,惣菜,対象,27,27_584265,410
584342,デリアごぼうサラダ大１０％縦Ａ,デリア,惣菜,対象,27,27_584342,410
584366,ＦＲレタスポテトＳ中増２５０６,デリア,惣菜,対象,27,27_584366,410
584623,デリア　レタス野菜ポテト特大,デリア,惣菜,対象,27,27_584623,410
588493,デリア込縦ポテト２５０９,デリア,惣菜,対象,27,27_588493,410
588638,デリア点縦ポテト大２５０９,デリア,惣菜,対象,27,27_588638,410
588840,ＮＢ野菜ポテトサラダ２０増,デリア,惣菜,対象,27,27_588840,410
589004,デリアＨ２０％増野菜Ｐ　Ｄ＋２,デリア,惣菜,対象,27,27_589004,410
589077,デリア下縦ポテト２５０９,デリア,惣菜,対象,27,27_589077,410
540941,ＴレタスポテトＳ２４０５,デリア,惣菜,対象,27,27_540941,410
540991,ＴＩレタスポテトＳ大２４０５,デリア,惣菜,対象,27,27_540991,410
548450,じゃがいもが美味しいポテト大増,デリア,惣菜,対象,27,27_548450,410
567670,デリアＤ売無野菜ポテト２５０４,デリア,惣菜,対象,27,27_567670,410
570915,ＣＧＣブランド野菜ポテトＳ大,デリア,惣菜,対象,27,27_570915,410
571188,ＦＲ茨城レタス拘り野菜ポテト大,デリア,惣菜,対象,27,27_571188,410
540933,ＮＢレタスポテトＳ大２４０５,デリア,惣菜,対象,27,27_540933,410
541348,ＭＶレタスポテトＳ大縦２４０５,デリア,惣菜,対象,27,27_541348,410
562983,じゃが芋美味しいポテト　時間有,デリア,惣菜,対象,27,27_562983,410
570816,デリア点横野菜ポテトサラダ特大,デリア,惣菜,対象,27,27_570816,410
570931,ＢＡレタスポテト有事オ,デリア,惣菜,対象,27,27_570931,410
571186,ＦＲ茨城レタス拘り野菜ポテト小,デリア,惣菜,対象,27,27_571186,410
571344,デリア点淡路島玉葱焼浸２５０５,デリア,惣菜,対象,27,27_571344,410
574332,デリア点縦お野菜ポテト小調整,デリア,惣菜,対象,27,27_574332,410
574336,デリア点縦１０％増野菜ポテ調整,デリア,惣菜,対象,27,27_574336,410
574341,デリア上横１０％増野菜ポテ調整,デリア,惣菜,対象,27,27_574341,410
574363,デリア点横お野菜ポテト大調整,デリア,惣菜,対象,27,27_574363,410
574367,デリアＫＳ野菜ポテト特大調整,デリア,惣菜,対象,27,27_574367,410
574375,デリアＨ２０％増野菜ポテ小調整,デリア,惣菜,対象,27,27_574375,410
574914,Ｆ９種野菜マカロニ２９９縦,デリア,惣菜,対象,27,27_574914,410
578925,レタスにこだわった野菜ポテトＳ,デリア,惣菜,対象,27,27_578925,410
579460,ＭＢレタスポテト有事１０増量,デリア,惣菜,対象,27,27_579460,410
582293,ＣＲなめらかポテトサラダ中オ,デリア,惣菜,対象,27,27_582293,410
582364,ＴＬ国産じゃがいもポテト小２５,デリア,惣菜,対象,27,27_582364,410
582900,ＫＳ野菜ポテトサラダ大２７９円,デリア,惣菜,対象,27,27_582900,410
585738,デリア点横２０％増ポテト大,デリア,惣菜,対象,27,27_585738,410
586030,デリア上縦野菜ポテトＤ２,デリア,惣菜,対象,27,27_586030,410
586220,デリア点縦ポテト中２５０９,デリア,惣菜,対象,27,27_586220,410
571035,ＴＫ茨城県産野菜ポテト大０４オ,デリア,惣菜,対象,27,27_571035,410
571094,ＯＧ野菜ポテトサラダ縦２４０４,デリア,惣菜,対象,27,27_571094,410
571187,ＦＲ茨城レタス拘り野菜ポテト中,デリア,惣菜,対象,27,27_571187,410
574333,デリア点横お野菜ポテト小調整,デリア,惣菜,対象,27,27_574333,410
574337,デリア点横１０％増野菜ポテ調整,デリア,惣菜,対象,27,27_574337,410
574345,デリア下縦お野菜ポテト調整,デリア,惣菜,対象,27,27_574345,410
574364,デリア点横野菜ポテト特大調整,デリア,惣菜,対象,27,27_574364,410
574368,デリアＤお野菜ポテト調整,デリア,惣菜,対象,27,27_574368,410
574376,デリアＨお野菜ポテト調整,デリア,惣菜,対象,27,27_574376,410
574496,ＩＮ野菜ポテトＳ小１０％増夏,デリア,惣菜,対象,27,27_574496,410
574939,ＡＭレタスポテトＳ縦２４０８,デリア,惣菜,対象,27,27_574939,410
578818,デリア点縦２０％増野菜ポテ調整,デリア,惣菜,対象,27,27_578818,410
578926,レタスにこだわった野菜ポテＳ小,デリア,惣菜,対象,27,27_578926,410
579470,ＭＢ野菜ポテト移管有事１０増,デリア,惣菜,対象,27,27_579470,410
582360,ＴＬ国産じゃがいもポテトＳ２５,デリア,惣菜,対象,27,27_582360,410
582474,ＮＢＱＰマヨはじまりポテトＳオ,デリア,惣菜,対象,27,27_582474,410
582955,ＮＢ　Ｈ２０％増野菜ポテト小,デリア,惣菜,対象,27,27_582955,410
585833,ＩＮ野菜ポテトサラダ２７９円,デリア,惣菜,対象,27,27_585833,410
586107,デリア売無野菜ポテト３２８Ｄ２,デリア,惣菜,対象,27,27_586107,410
586225,デリア点横ポテト中２５０９,デリア,惣菜,対象,27,27_586225,410
570916,ＣＧＣブランド野菜ポテトＳ,デリア,惣菜,対象,27,27_570916,410
571055,ＮＢ野菜ポテトサラダ大２４１０,デリア,惣菜,対象,27,27_571055,410
574306,レタスにこだわった野菜ポテト増,デリア,惣菜,対象,27,27_574306,410
574335,デリア点横お野菜ポテト調整,デリア,惣菜,対象,27,27_574335,410
574339,デリア上横お野菜ポテト調整,デリア,惣菜,対象,27,27_574339,410
574361,デリア売無横お野菜ポテト調整,デリア,惣菜,対象,27,27_574361,410
574366,デリア売無１０％増野菜ポテ調整,デリア,惣菜,対象,27,27_574366,410
574373,デリアＨお野菜ポテト小調整,デリア,惣菜,対象,27,27_574373,410
574620,デリアポテトサラダ大１０％ＮＢ,デリア,惣菜,対象,27,27_574620,410
578924,レタスにこだわった野菜ポテＳ大,デリア,惣菜,対象,27,27_578924,410
582244,Ｂ野菜ポテトＳ２５％増２５０２,デリア,惣菜,対象,27,27_582244,410
582363,ＴＬじゃがいもポテトＳ大増,デリア,惣菜,対象,27,27_582363,410
582502,Ｂ淡路島産たまねぎ焼きびたし,デリア,惣菜,対象,27,27_582502,410
582965,ＣＧＣブランド野菜ポＳ２５０５,デリア,惣菜,対象,27,27_582965,410
586029,デリア上縦野菜ポテト２５０８,デリア,惣菜,対象,27,27_586029,410
586157,ＤＹレタスポテトサラダ２５０７,デリア,惣菜,対象,27,27_586157,410
586241,デリア点縦ポテト小２５０９,デリア,惣菜,対象,27,27_586241,410
574334,デリア点縦お野菜ポテト調整,デリア,惣菜,対象,27,27_574334,410
574338,デリア点横２０％増野菜ポテ調整,デリア,惣菜,対象,27,27_574338,410
574358,デリア下縦１０％増野菜ポテ調整,デリア,惣菜,対象,27,27_574358,410
574365,デリア売無お野菜ポテト調整,デリア,惣菜,対象,27,27_574365,410
574371,デリアＤ増量お野菜ポテト調整,デリア,惣菜,対象,27,27_574371,410
574377,デリアＨ２０％増野菜ポテ調整,デリア,惣菜,対象,27,27_574377,410
574497,ＩＮ野菜ポテトサラダ１０％増夏,デリア,惣菜,対象,27,27_574497,410
574940,ＡＭレタス野菜ポテト縦増透明,デリア,惣菜,対象,27,27_574940,410
578910,Ｆ９種野菜マカロニ２９９縦増量,デリア,惣菜,対象,27,27_578910,410
579213,ＯＧＱＰはじまりのポテトＳ縦,デリア,惣菜,対象,27,27_579213,410
582206,ＭＳＱＰマヨはじまりのポテトＳ,デリア,惣菜,対象,27,27_582206,410
582361,ＴＬじゃがいもポテトＳ増量,デリア,惣菜,対象,27,27_582361,410
582490,ＴＬ野菜ポテト大増量,デリア,惣菜,対象,27,27_582490,410
582964,ＣＧＣブランド野ポＳ大２５０５,デリア,惣菜,対象,27,27_582964,410
585880,デリアねぎ塩キャベツ１０％縦Ｃ,デリア,惣菜,対象,27,27_585880,410
586110,ＤＹ９種野菜マカロニ２５０８,デリア,惣菜,対象,27,27_586110,410
586233,デリア点横ポテト小２５０９,デリア,惣菜,対象,27,27_586233,410
16703,ＰＰ凍結卵白（製菓用）平飼い卵使用,付加価値商品,付加価値商品,対象,11,11_16703,10
25621,ＰＰ凍結卵白（製菓用）,付加価値商品,付加価値商品,対象,11,11_25621,10
36124,ＰＰ凍結卵白（製菓用）,付加価値商品,付加価値商品,対象,11,11_36124,10
53463,ＰＰ凍結卵白（製菓用）Ｍ－１,付加価値商品,付加価値商品,対象,11,11_53463,10
63179,ＰＰ凍結卵白（Ｐ）,付加価値商品,付加価値商品,対象,11,11_63179,10
5482,ＰＰ加糖凍結全卵２０,付加価値商品,付加価値商品,対象,11,11_5482,10
55858,ＰＰ凍結全卵,付加価値商品,付加価値商品,対象,11,11_55858,10
10527,ＰＰゴールドヨーク,付加価値商品,付加価値商品,対象,11,11_10527,10
16754,ＰＰ加糖凍結卵黄２０（平飼い卵使用）,付加価値商品,付加価値商品,対象,11,11_16754,10
20511,ＰＰデザートヨーク,付加価値商品,付加価値商品,対象,11,11_20511,10
44575,ＰＰ加糖凍結卵黄２０,付加価値商品,付加価値商品,対象,11,11_44575,10
53473,ＰＰエグロン（ヨーク）Ｎｏ．３,付加価値商品,付加価値商品,対象,11,11_53473,10
53484,ＰＰカスタードエッグ（ヨーク）Ｎｏ．３,付加価値商品,付加価値商品,対象,11,11_53484,10
5487,ＰＰ加糖凍結卵黄２０,付加価値商品,付加価値商品,対象,11,11_5487,10
15479,ＰＰ　ＪＦＳＡ茶碗蒸しの素（３倍濃縮）,付加価値商品,付加価値商品,対象,11,11_15479,10
22429,ＰＰベーカリーエッグ,付加価値商品,付加価値商品,対象,11,11_22429,10
25855,ＰＰ濃縮茶碗蒸しの素（ＫＳ）,付加価値商品,付加価値商品,対象,11,11_25855,10
27521,ＰＰスシロー濃縮卵の素,付加価値商品,付加価値商品,対象,11,11_27521,10
33399,ＰＰ濃縮茶碗蒸しの素ＬＰ（海外表示あり）,付加価値商品,付加価値商品,対象,11,11_33399,10
37450,ＰＰ凍結たまご（ライトテイスト）,付加価値商品,付加価値商品,対象,11,11_37450,10
6080,ＰＰ濃縮茶碗蒸しの素,付加価値商品,付加価値商品,対象,11,11_6080,10
64040,ＰＰ濃縮茶碗蒸しの素（ＬＰ）,付加価値商品,付加価値商品,対象,11,11_64040,10
10534,茹卵（しょうゆ味ＥＸ）ＭＳ,付加価値商品,付加価値商品,対象,11,11_10534,10
10548,茹卵（プレーン味）ＭＳ,付加価値商品,付加価値商品,対象,11,11_10548,10
22165,やわらか半熟茹卵（しょうゆ味Ｋ）,付加価値商品,付加価値商品,対象,11,11_22165,10
22171,やわらか半熟茹卵,付加価値商品,付加価値商品,対象,11,11_22171,10
34592,料亭風茹卵（ＴＲＫ）,付加価値商品,付加価値商品,対象,11,11_34592,10
47038,料亭風茹卵３０（和風しょうゆ）,付加価値商品,付加価値商品,対象,11,11_47038,10
52582,天ぷら用やわらか半熟茹卵（ＴＤ）,付加価値商品,付加価値商品,対象,11,11_52582,10
62696,料亭風茹卵（塩味ＥＸ）,付加価値商品,付加価値商品,対象,11,11_62696,10
20415,液全卵（調理用）（ＲＮ）,付加価値商品,付加価値商品,対象,11,11_20415,10
13358,凍結卵白（調理用）ＮＯ．１２－ＰＮ,付加価値商品,付加価値商品,対象,11,11_13358,10
18696,メレンゲベース,付加価値商品,付加価値商品,対象,11,11_18696,10
25678,凍結卵白（製菓用）５００,付加価値商品,付加価値商品,対象,11,11_25678,10
2839,凍結卵白（ＨＶ）,付加価値商品,付加価値商品,対象,11,11_2839,10
4447,ＹＨＤ凍結卵白（Ｗ）,付加価値商品,付加価値商品,対象,11,11_4447,10
53163,凍結卵白（Ｓ）,付加価値商品,付加価値商品,対象,11,11_53163,10
13904,凍結全卵（調理用）ＨＶＮＯ．３,付加価値商品,付加価値商品,対象,11,11_13904,10
20536,ツインパック（Ｈｉ）,付加価値商品,付加価値商品,対象,11,11_20536,10
21248,凍結全卵（調理用）ＨＶ　Ｎｏ３栃木県の卵,付加価値商品,付加価値商品,対象,11,11_21248,10
22057,凍結全卵（Ｔ）,付加価値商品,付加価値商品,対象,11,11_22057,10
23927,凍結全卵（調理用）ＮＯ．１２－Ｎ,付加価値商品,付加価値商品,対象,11,11_23927,10
25272,ディープレッド（ホール）ＨＶ,付加価値商品,付加価値商品,対象,11,11_25272,10
26291,凍結全卵（調理用）ＬＶ,付加価値商品,付加価値商品,対象,11,11_26291,10
29350,ピュアホワイト（ホール）２０,付加価値商品,付加価値商品,対象,11,11_29350,10
31904,プレシャスエッグ（ホール）ＨＶ,付加価値商品,付加価値商品,対象,11,11_31904,10
32247,ふっくら仕上がる凍結全卵,付加価値商品,付加価値商品,対象,11,11_32247,10
33608,凍結全卵（調理用）ＭＰ,付加価値商品,付加価値商品,対象,11,11_33608,10
36144,ツインパック,付加価値商品,付加価値商品,対象,11,11_36144,10
36146,ツインパック,付加価値商品,付加価値商品,対象,11,11_36146,10
36149,ツインパック,付加価値商品,付加価値商品,対象,11,11_36149,10
36347,調理用全卵ＣＲ,付加価値商品,付加価値商品,対象,11,11_36347,10
36427,凍結全卵（製菓用）,付加価値商品,付加価値商品,対象,11,11_36427,10
39493,ピュアホワイト（ホール）ＨＶ,付加価値商品,付加価値商品,対象,11,11_39493,10
43793,エグロワイヤル（ホール）ＨＶ,付加価値商品,付加価値商品,対象,11,11_43793,10
44218,エグパティシエール（ホール）ＨＶ,付加価値商品,付加価値商品,対象,11,11_44218,10
4550,凍結全卵（調理用）ＨＶ　ＮＯ．３,付加価値商品,付加価値商品,対象,11,11_4550,10
46910,ツインパック（ＣＲ）加工用,付加価値商品,付加価値商品,対象,11,11_46910,10
54073,ツインパック（ＮＥ）Ｎｏ．２,付加価値商品,付加価値商品,対象,11,11_54073,10
55024,凍結全卵（調理用）ＨＶ　Ｎｏ．３,付加価値商品,付加価値商品,対象,11,11_55024,10
56490,ツインパック（ＣＲ）,付加価値商品,付加価値商品,対象,11,11_56490,10
57176,サンホーム　凍結全卵（手間いらず）,付加価値商品,付加価値商品,対象,11,11_57176,10
57285,凍結全卵（調理用）ＨＶ（平飼い卵使用）,付加価値商品,付加価値商品,対象,11,11_57285,10
57926,ツインパック（デリカ用）１８入,付加価値商品,付加価値商品,対象,11,11_57926,10
58067,凍結全卵５００,付加価値商品,付加価値商品,対象,11,11_58067,10
63591,凍結全卵,付加価値商品,付加価値商品,対象,11,11_63591,10
63628,凍結全卵（調理用）ＨＶ　ＮＯ．３,付加価値商品,付加価値商品,対象,11,11_63628,10
64047,凍結全卵（調理用）ＨＶＮＯ．３,付加価値商品,付加価値商品,対象,11,11_64047,10
64051,凍結全卵２００,付加価値商品,付加価値商品,対象,11,11_64051,10
68646,凍結全卵５００,付加価値商品,付加価値商品,対象,11,11_68646,10
13542,エグロワイヤル（ヨーク）,付加価値商品,付加価値商品,対象,11,11_13542,10
22669,パータボンブベース,付加価値商品,付加価値商品,対象,11,11_22669,10
25271,ディープレッド（ヨーク）,付加価値商品,付加価値商品,対象,11,11_25271,10
29430,ピュアホワイト（ヨーク）,付加価値商品,付加価値商品,対象,11,11_29430,10
33041,凍結卵黄（プレーンタイプ）,付加価値商品,付加価値商品,対象,11,11_33041,10
34188,ヨークソース,付加価値商品,付加価値商品,対象,11,11_34188,10
36203,エグロン（ヨーク）ＮＯ．３,付加価値商品,付加価値商品,対象,11,11_36203,10
3939,プレシャスエッグ（ヨーク）,付加価値商品,付加価値商品,対象,11,11_3939,10
45857,耐熱卵黄　ＳＪ,付加価値商品,付加価値商品,対象,11,11_45857,10
52043,凍結卵黄（Ｈ）ＳＪＮｏ．６,付加価値商品,付加価値商品,対象,11,11_52043,10
63726,加糖凍結卵黄２０（５００）,付加価値商品,付加価値商品,対象,11,11_63726,10
64046,凍結卵黄（プレーンタイプ）,付加価値商品,付加価値商品,対象,11,11_64046,10
10381,ソース・アングレーズ（カスタード）,付加価値商品,付加価値商品,対象,11,11_10381,10
10502,ＣＯ凍結全卵ベース,付加価値商品,付加価値商品,対象,11,11_10502,10
17167,だし巻きたまごの素,付加価値商品,付加価値商品,対象,11,11_17167,10
23477,冷やしてかためるプリンベース,付加価値商品,付加価値商品,対象,11,11_23477,10
24131,フレンチコート（Ｙ）Ｎｏ．２,付加価値商品,付加価値商品,対象,11,11_24131,10
24341,フレンチコートＮｏ．２１,付加価値商品,付加価値商品,対象,11,11_24341,10
24445,キッシュベース（Ｈ）,付加価値商品,付加価値商品,対象,11,11_24445,10
28687,濃厚なめらかプリンベース,付加価値商品,付加価値商品,対象,11,11_28687,10
30590,バッター用凍結卵（ＬＦ）Ｎｏ．２,付加価値商品,付加価値商品,対象,11,11_30590,10
3063,フレンチトーストベース,付加価値商品,付加価値商品,対象,11,11_3063,10
33312,エグロン（ホール）,付加価値商品,付加価値商品,対象,11,11_33312,10
33632,ＹＲだし巻きの素Ｎｏ．４,付加価値商品,付加価値商品,対象,11,11_33632,10
36221,アングレーズソース,付加価値商品,付加価値商品,対象,11,11_36221,10
36243,濃縮茶碗蒸しの素（ＮＡ）,付加価値商品,付加価値商品,対象,11,11_36243,10
36260,濃縮茶碗蒸しの素ＮＯ．２,付加価値商品,付加価値商品,対象,11,11_36260,10
37870,濃縮茶碗蒸しの素ＮＯ．２,付加価値商品,付加価値商品,対象,11,11_37870,10
39759,冷やしてかためるホワイトプリンベース,付加価値商品,付加価値商品,対象,11,11_39759,10
40154,アングレーズソース,付加価値商品,付加価値商品,対象,11,11_40154,10
40859,だし巻ベース（ＫＰ）,付加価値商品,付加価値商品,対象,11,11_40859,10
42592,スチコンエッグベース,付加価値商品,付加価値商品,対象,11,11_42592,10
43177,フレンチトーストベース,付加価値商品,付加価値商品,対象,11,11_43177,10
4449,ＹＨＤ凍結卵（Ｙ）,付加価値商品,付加価値商品,対象,11,11_4449,10
46037,フレンチコート（Ｓ）Ｎｏ．３,付加価値商品,付加価値商品,対象,11,11_46037,10
47353,ＪＦＳＡ　濃縮茶碗蒸しの素（３倍濃縮）,付加価値商品,付加価値商品,対象,11,11_47353,10
48657,カルボナーラベースＳＪ　Ｎｏ．５,付加価値商品,付加価値商品,対象,11,11_48657,10
53708,クロックムッシュベースＲＮ（ＶＦ）,付加価値商品,付加価値商品,対象,11,11_53708,10
55045,かけておいしい卵,付加価値商品,付加価値商品,対象,11,11_55045,10
58732,濃縮カスタードプリンベース,付加価値商品,付加価値商品,対象,11,11_58732,10
62882,ＦＣたまごソース,付加価値商品,付加価値商品,対象,11,11_62882,10
66974,Ｆクリーミーヨーク,付加価値商品,付加価値商品,対象,11,11_66974,10
14132,調合マヨ（薄口）,付加価値商品,付加価値商品,対象,11,11_14132,10
1827,マヨ　２０４Ｓ,付加価値商品,付加価値商品,対象,11,11_1827,10
1828,調合マヨ（薄口）,付加価値商品,付加価値商品,対象,11,11_1828,10
25310,焙煎胡麻マヨ,付加価値商品,付加価値商品,対象,11,11_25310,10
25373,ライトテイストマヨ,付加価値商品,付加価値商品,対象,11,11_25373,10
30566,マヨネーズ　２０４,付加価値商品,付加価値商品,対象,11,11_30566,10
38639,マヨ　１０２Ｓ,付加価値商品,付加価値商品,対象,11,11_38639,10
39238,マヨネーズ　２０４,付加価値商品,付加価値商品,対象,11,11_39238,10
39239,マヨ　２０４Ｓ,付加価値商品,付加価値商品,対象,11,11_39239,10
39240,マヨネーズ　２０５,付加価値商品,付加価値商品,対象,11,11_39240,10
39267,マヨ　１０２Ｓ　からし,付加価値商品,付加価値商品,対象,11,11_39267,10
39880,マヨ　２０５Ｓ,付加価値商品,付加価値商品,対象,11,11_39880,10
46813,調合マヨＮＯ．４,付加価値商品,付加価値商品,対象,11,11_46813,10
48095,からしマヨ　マイルドタイプ,付加価値商品,付加価値商品,対象,11,11_48095,10
53278,マヨ２０５（からし入り）,付加価値商品,付加価値商品,対象,11,11_53278,10
59342,からしマヨＫＮ,付加価値商品,付加価値商品,対象,11,11_59342,10
59694,マヨネーズ　２０５,付加価値商品,付加価値商品,対象,11,11_59694,10
63423,マヨ１０２Ｓ　（ドラム）,付加価値商品,付加価値商品,対象,11,11_63423,10
65911,サラダ用マヨＳ,付加価値商品,付加価値商品,対象,11,11_65911,10
759,マヨ　１０２Ｓからし（袋）,付加価値商品,付加価値商品,対象,11,11_759,10
974,マヨ　１０２Ｓ（袋）,付加価値商品,付加価値商品,対象,11,11_974,10
14874,Ｙかぼちゃサラダ用マヨ２０１７,付加価値商品,付加価値商品,対象,11,11_14874,10
1819,明太子マヨ（Ｒ）,付加価値商品,付加価値商品,対象,11,11_1819,10
20437,Ｙかぼちゃサラダマヨ１７（１０．５ＫＧ）,付加価値商品,付加価値商品,対象,11,11_20437,10
26272,調合マヨＩＫ,付加価値商品,付加価値商品,対象,11,11_26272,10
35144,ＩＫマヨネーズＮ,付加価値商品,付加価値商品,対象,11,11_35144,10
36001,ＳＹプレーンマヨ（ドラム）,付加価値商品,付加価値商品,対象,11,11_36001,10
36664,ＳＹプレーンマヨ,付加価値商品,付加価値商品,対象,11,11_36664,10
38096,Ｙポテトサラダ用マヨネーズ２０２４（Ｎ）,付加価値商品,付加価値商品,対象,11,11_38096,10
38099,Ｙポテトサラダ用マヨネーズ２０２４,付加価値商品,付加価値商品,対象,11,11_38099,10
40779,マヨネーズ（サンフーズ）,付加価値商品,付加価値商品,対象,11,11_40779,10
41026,Ｆ乳化ソースベース２,付加価値商品,付加価値商品,対象,11,11_41026,10
42012,Ｆ乳化ソースベース,付加価値商品,付加価値商品,対象,11,11_42012,10
42099,マヨネーズ　（サンフーズ）,付加価値商品,付加価値商品,対象,11,11_42099,10
43434,マヨＦＤＱＮＯ．２,付加価値商品,付加価値商品,対象,11,11_43434,10
44707,Ｆベイシックマヨ　卵黄タイプ,付加価値商品,付加価値商品,対象,11,11_44707,10
46466,ＹＡサラダマヨ,付加価値商品,付加価値商品,対象,11,11_46466,10
50444,オリジナルマヨ,付加価値商品,付加価値商品,対象,11,11_50444,10
55111,Ｙポテトサラダ用マヨネーズ２０２２（Ｎ）,付加価値商品,付加価値商品,対象,11,11_55111,10
55372,ＬＬサラダ用マヨ（ドラム）,付加価値商品,付加価値商品,対象,11,11_55372,10
55444,Ｙポテトサラダ用マヨネーズ２０２２,付加価値商品,付加価値商品,対象,11,11_55444,10
55849,ＫＮサラダ用マヨネーズ,付加価値商品,付加価値商品,対象,11,11_55849,10
56265,ごぼうサラダ用マヨＤ,付加価値商品,付加価値商品,対象,11,11_56265,10
59048,マリンフーズ様用マヨ２０５Ｓ,付加価値商品,付加価値商品,対象,11,11_59048,10
62844,ＦＱ　サラダ用マヨ　Ｒ,付加価値商品,付加価値商品,対象,11,11_62844,10
62920,ＳＩマヨネーズ,付加価値商品,付加価値商品,対象,11,11_62920,10
64118,ＬＬサラダ用マヨネーズ（スピナ）,付加価値商品,付加価値商品,対象,11,11_64118,10
67384,明太子マヨ（Ｑ）,付加価値商品,付加価値商品,対象,11,11_67384,10
67890,ＬＩＦオリジナルマヨ,付加価値商品,付加価値商品,対象,11,11_67890,10
68302,ヒライ専用調合マヨ,付加価値商品,付加価値商品,対象,11,11_68302,10
16272,耐冷耐熱タルタル,タルタルソース,タルタルソース,対象,11,11_16272,20
16550,ＱＰクリーミィタルタルソース（ボトル）,タルタルソース,タルタルソース,対象,11,11_16550,20
21450,ベーカリータルタルソース,タルタルソース,タルタルソース,対象,11,11_21450,20
32201,ＱＰ　タルタルソース（具沢山チューブ）,タルタルソース,タルタルソース,対象,11,11_32201,20
42260,ＱＰ　タルタルソース（チューブ）,タルタルソース,タルタルソース,対象,11,11_42260,20
47127,ＱＰ　タルタルソース（袋）,タルタルソース,タルタルソース,対象,11,11_47127,20
66412,ＧＱＰ　プラントベースタルタルソース,タルタルソース,タルタルソース,対象,11,11_66412,20
13444,ザ・タルタル,タルタルソース,タルタルソース,対象,11,11_13444,20
17365,Ｆバーガー用タルタル,タルタルソース,タルタルソース,対象,11,11_17365,20
23033,ＭＣＤタルタルソース,タルタルソース,タルタルソース,対象,11,11_23033,20
27226,ＬＡ　タルタルソースＮｏ．４,タルタルソース,タルタルソース,対象,11,11_27226,20
30271,ＥＢ　タルタルソース（チューブ）,タルタルソース,タルタルソース,対象,11,11_30271,20
31003,シェフズタルタルベースＳＥ,タルタルソース,タルタルソース,対象,11,11_31003,20
34966,ＭＱタルタルソース,タルタルソース,タルタルソース,対象,11,11_34966,20
45145,ＣＧＣタルタルソース,タルタルソース,タルタルソース,対象,11,11_45145,20
47141,ジェフダ　タルタルソース,タルタルソース,タルタルソース,対象,11,11_47141,20
53933,レストラン用さぼてん特製タルタルソース,タルタルソース,タルタルソース,対象,11,11_53933,20
54135,ＦＰタルタルたまご用ソース,タルタルソース,タルタルソース,対象,11,11_54135,20
55363,ＯＬタルタルソース,タルタルソース,タルタルソース,対象,11,11_55363,20
56972,サンホーム　タルタルソース,タルタルソース,タルタルソース,対象,11,11_56972,20
62384,ＳＱ　タルタルソースＮＯ．２,タルタルソース,タルタルソース,対象,11,11_62384,20
67688,Ｆ米飯用タルタルソース,タルタルソース,タルタルソース,対象,11,11_67688,20
69333,ＬＩＦ具沢山タルタルソースＲ,タルタルソース,タルタルソース,対象,11,11_69333,20
1042,ＧＱＰ　ソイツナフィリング,付加価値商品,付加価値商品,対象,11,11_1042,10
10544,ＱＰ　ディップソース　バーニャカウダ,付加価値商品,付加価値商品,対象,11,11_10544,10
16630,ＱＰ　粗挽きブラックペパーマヨ,付加価値商品,付加価値商品,対象,11,11_16630,10
17153,コーン＆マヨ,付加価値商品,付加価値商品,対象,11,11_17153,10
23580,ＱＰディップソースサワークリームオニオン,付加価値商品,付加価値商品,対象,11,11_23580,10
23824,ＱＰ　粗挽きブラックペパーマヨ,付加価値商品,付加価値商品,対象,11,11_23824,10
23970,ＱＰ　スタイリングソースバルサミコ,付加価値商品,付加価値商品,対象,11,11_23970,10
24010,ＱＰスタイリングソーススモークフレーバー,付加価値商品,付加価値商品,対象,11,11_24010,10
24120,ＱＰ　スタイリングソース　ジェノベーゼ,付加価値商品,付加価値商品,対象,11,11_24120,10
25744,ベーカリーソース（ハニーマスタード）,付加価値商品,付加価値商品,対象,11,11_25744,10
26089,和えもの用ごまだれ,付加価値商品,付加価値商品,対象,11,11_26089,10
29120,アジアンテーブル　かんきつハーブソース,付加価値商品,付加価値商品,対象,11,11_29120,10
54128,ＱＰ　ディップソース　チーズ,付加価値商品,付加価値商品,対象,11,11_54128,10
63537,ＱＰ　スタイリングソースレモンジンジャー,付加価値商品,付加価値商品,対象,11,11_63537,10
66402,ＱＰ　ペイザンヌサラダソース,付加価値商品,付加価値商品,対象,11,11_66402,10
12115,ＭＣＤイエローマスタードソース,付加価値商品,付加価値商品,対象,11,11_12115,10
12221,耐冷凍マヨソースＳ,付加価値商品,付加価値商品,対象,11,11_12221,10
1261,ＭＣＤタマゴソース２４,付加価値商品,付加価値商品,対象,11,11_1261,10
1273,ＭＣＤ３種のチーズソース,付加価値商品,付加価値商品,対象,11,11_1273,10
13112,ＭＣＤスイートレモンソース,付加価値商品,付加価値商品,対象,11,11_13112,10
14112,ＭＣＤオーロラソース,付加価値商品,付加価値商品,対象,11,11_14112,10
1616,ＭＣＤスパイシーソース,付加価値商品,付加価値商品,対象,11,11_1616,10
17187,千房　お好み焼きホワイトソース,付加価値商品,付加価値商品,対象,11,11_17187,10
17548,ＫＦＣコールスロードレッシング２１,付加価値商品,付加価値商品,対象,11,11_17548,10
21121,マイオネーゼフロマッジ,付加価値商品,付加価値商品,対象,11,11_21121,10
22971,ＭＣＤビッグマックソース,付加価値商品,付加価値商品,対象,11,11_22971,10
23600,ＫＦＣブラックペッパーマヨ２２,付加価値商品,付加価値商品,対象,11,11_23600,10
23773,ＫＦＣコールスロードレ２１（１０ＫＧ）,付加価値商品,付加価値商品,対象,11,11_23773,10
24115,ＫＦＣ　サンドドレ（オリーブオイル入）,付加価値商品,付加価値商品,対象,11,11_24115,10
24139,ＬＴハニーマスタード３,付加価値商品,付加価値商品,対象,11,11_24139,10
24230,ＭＣＤマスタードペッパーソース,付加価値商品,付加価値商品,対象,11,11_24230,10
33384,Ｃｏｄ　Ｒｏｅ　Ｍａｙｏ－Ｂ,付加価値商品,付加価値商品,対象,11,11_33384,10
34005,チポトレサウスウェストソース２２,付加価値商品,付加価値商品,対象,11,11_34005,10
3402,ロイヤルギャルソングリルソースおろし醤油,付加価値商品,付加価値商品,対象,11,11_3402,10
3604,ＭＣＤガーリックバタータルタルソース,付加価値商品,付加価値商品,対象,11,11_3604,10
37633,ＭＣＤビッグマックソース,付加価値商品,付加価値商品,対象,11,11_37633,10
38922,Ｌバーガーソース,付加価値商品,付加価値商品,対象,11,11_38922,10
39959,ＭＣＤチミチュリ風マヨソース,付加価値商品,付加価値商品,対象,11,11_39959,10
40928,ＭＣＤ南蛮ソース２５,付加価値商品,付加価値商品,対象,11,11_40928,10
41004,ＭＯＳバジマヨソース,付加価値商品,付加価値商品,対象,11,11_41004,10
41297,ＤＴハニーマスタードソース２０２５,付加価値商品,付加価値商品,対象,11,11_41297,10
4150,ＹＨＤねぎ塩だれ２０２４,付加価値商品,付加価値商品,対象,11,11_4150,10
43190,千房　お好み焼ホワイトソース,付加価値商品,付加価値商品,対象,11,11_43190,10
43856,ＬＡ　オニオン＆マヨ,付加価値商品,付加価値商品,対象,11,11_43856,10
4545,フレンチオニオンソース（汎用性）　ＬＡ,付加価値商品,付加価値商品,対象,11,11_4545,10
45928,Ｃ２　すりおろし野菜ソース４,付加価値商品,付加価値商品,対象,11,11_45928,10
50505,２３ツナサラダ　ＬＡ,付加価値商品,付加価値商品,対象,11,11_50505,10
53936,ＳＨクリーミィガーリックソース,付加価値商品,付加価値商品,対象,11,11_53936,10
56724,ＬＡ　フレンチオニオンソースＮｏ．２,付加価値商品,付加価値商品,対象,11,11_56724,10
66166,マイオネーゼフロマッジ,付加価値商品,付加価値商品,対象,11,11_66166,10
69175,ＹＨＤねぎ塩だれ２０２３（ＣＴ）,付加価値商品,付加価値商品,対象,11,11_69175,10
10522,リキッドマヨ,付加価値商品,付加価値商品,対象,11,11_10522,10
11379,マヨネーズＳＲ,付加価値商品,付加価値商品,対象,11,11_11379,10
12316,ＱＰ　ベーカリーマヨ（プレーン）,付加価値商品,付加価値商品,対象,11,11_12316,10
15276,ＱＰ　シェフスタイルマヨネーズ,付加価値商品,付加価値商品,対象,11,11_15276,10
1830,マヨネーズＳＲ（袋）,付加価値商品,付加価値商品,対象,11,11_1830,10
1831,マヨネーズＳＲ,付加価値商品,付加価値商品,対象,11,11_1831,10
1832,マヨネーズＳＲ,付加価値商品,付加価値商品,対象,11,11_1832,10
20402,ＱＰ　シェフスタイルマヨネーズ,付加価値商品,付加価値商品,対象,11,11_20402,10
21186,耐熱マヨ　ＮＯ２（加工用）,付加価値商品,付加価値商品,対象,11,11_21186,10
28130,ＱＰ　サラダ用マヨネーズ（プレーン）,付加価値商品,付加価値商品,対象,11,11_28130,10
30544,ＱＰ　デリフィットマヨネーズ　ドラム,付加価値商品,付加価値商品,対象,11,11_30544,10
30999,ＱＰ　クリーミィマヨネーズ,付加価値商品,付加価値商品,対象,11,11_30999,10
31040,固形マヨ,付加価値商品,付加価値商品,対象,11,11_31040,10
32770,ＱＰ　ベーカリーマヨネーズ,付加価値商品,付加価値商品,対象,11,11_32770,10
33504,マヨネーズＳＲ（袋）,付加価値商品,付加価値商品,対象,11,11_33504,10
33505,マヨネーズＳＲ,付加価値商品,付加価値商品,対象,11,11_33505,10
33508,マヨネーズＳＲ（からし）（袋）,付加価値商品,付加価値商品,対象,11,11_33508,10
33509,マヨネーズＳＲ（からし）,付加価値商品,付加価値商品,対象,11,11_33509,10
35446,耐冷耐熱マヨＵ－１（加工用）,付加価値商品,付加価値商品,対象,11,11_35446,10
35448,耐冷耐熱マヨＮ,付加価値商品,付加価値商品,対象,11,11_35448,10
36290,デリフィットマヨ（ハイセット）,付加価値商品,付加価値商品,対象,11,11_36290,10
36390,デリフィットマヨ（ハイセット）,付加価値商品,付加価値商品,対象,11,11_36390,10
36400,ベーカリーマヨ（トッピング）,付加価値商品,付加価値商品,対象,11,11_36400,10
36450,ベーカリーマヨ（トッピング）,付加価値商品,付加価値商品,対象,11,11_36450,10
37084,デリフィットマヨ（ハイセット）からし,付加価値商品,付加価値商品,対象,11,11_37084,10
39263,パスタサラダ用マヨネーズ,付加価値商品,付加価値商品,対象,11,11_39263,10
39809,耐熱マヨ（加工用）,付加価値商品,付加価値商品,対象,11,11_39809,10
4017,耐冷凍マヨ（加工用）からし５,付加価値商品,付加価値商品,対象,11,11_4017,10
4018,耐冷凍マヨ（加工用）ＮＯ．２,付加価値商品,付加価値商品,対象,11,11_4018,10
4019,耐冷耐熱マヨ（加工用）Ｉ,付加価値商品,付加価値商品,対象,11,11_4019,10
4020,耐冷耐熱マヨ（加工用）,付加価値商品,付加価値商品,対象,11,11_4020,10
4021,耐冷耐熱マヨホワイト（加工用）,付加価値商品,付加価値商品,対象,11,11_4021,10
45180,ＱＰ　ベーカリーマヨ（マイルド）,付加価値商品,付加価値商品,対象,11,11_45180,10
45182,ＱＰ　ベーカリーマヨ（マイルド）,付加価値商品,付加価値商品,対象,11,11_45182,10
45235,ＱＰ　ベーカリーマヨネーズ,付加価値商品,付加価値商品,対象,11,11_45235,10
55306,ＱＰ　デリフィットマヨネーズ,付加価値商品,付加価値商品,対象,11,11_55306,10
58821,デリフィットマヨ（クオーター）,付加価値商品,付加価値商品,対象,11,11_58821,10
66411,デリフィットマヨ（コールスロー用）,付加価値商品,付加価値商品,対象,11,11_66411,10
68232,耐冷凍マヨ（加工用）からし５Ｄ,付加価値商品,付加価値商品,対象,11,11_68232,10
1006,ＭＳマヨ　Ｎｏ．１,付加価値商品,付加価値商品,対象,11,11_1006,10
15664,ＧＴ－Ｑ,付加価値商品,付加価値商品,対象,11,11_15664,10
15910,Ｃ５ベーカリーマヨネーズプレーンＮｏ．４,付加価値商品,付加価値商品,対象,11,11_15910,10
16061,Ｎ耐熱マヨ（卵不使用）,付加価値商品,付加価値商品,対象,11,11_16061,10
16071,ＳＨ　ベーカリーマヨネーズ,付加価値商品,付加価値商品,対象,11,11_16071,10
16909,マリンフーズ専用耐冷耐熱マヨ,付加価値商品,付加価値商品,対象,11,11_16909,10
17708,ＬＡマヨネーズＯＮ３,付加価値商品,付加価値商品,対象,11,11_17708,10
22525,マヨネーズＲＳＥ,付加価値商品,付加価値商品,対象,11,11_22525,10
24370,Ｃ５　ベーカリーマヨ（マイルドタイプ）,付加価値商品,付加価値商品,対象,11,11_24370,10
25257,Ｆ卵黄マヨネーズＮｏ．２,付加価値商品,付加価値商品,対象,11,11_25257,10
2648,ＭＦ　耐冷耐熱マヨ　ＥＸＰ,付加価値商品,付加価値商品,対象,11,11_2648,10
29606,ＬＡ　マヨネーズＮｏ．４,付加価値商品,付加価値商品,対象,11,11_29606,10
30255,長鮮度対応マヨ（ハイセット）ＳＥ　Ｎｏ２,付加価値商品,付加価値商品,対象,11,11_30255,10
30407,ＦＹＫマヨネーズ●,付加価値商品,付加価値商品,対象,11,11_30407,10
33127,Ｆデリシャスマヨネーズ２,付加価値商品,付加価値商品,対象,11,11_33127,10
34191,耐冷耐熱マヨホワイトＭ,付加価値商品,付加価値商品,対象,11,11_34191,10
34227,ＳＱマヨネーズ,付加価値商品,付加価値商品,対象,11,11_34227,10
34593,耐冷耐熱マヨ（加工用）ＭＮ,付加価値商品,付加価値商品,対象,11,11_34593,10
37151,耐冷耐熱マヨ（加工用）ＨＥ,付加価値商品,付加価値商品,対象,11,11_37151,10
42544,ＭＱ　マヨネーズ３,付加価値商品,付加価値商品,対象,11,11_42544,10
4420,２４ダブルマヨネーズ　ＳＥ,付加価値商品,付加価値商品,対象,11,11_4420,10
47397,ＨＳ　マヨ,付加価値商品,付加価値商品,対象,11,11_47397,10
54861,耐熱マヨ（加工用）ＨＧ　Ｎ,付加価値商品,付加価値商品,対象,11,11_54861,10
59095,耐冷凍マヨ（龍２号）,付加価値商品,付加価値商品,対象,11,11_59095,10
63171,２０卵黄タイプマヨネーズＳＥ,付加価値商品,付加価値商品,対象,11,11_63171,10
69400,ＳＱ　パンマヨ（チルド）,付加価値商品,付加価値商品,対象,11,11_69400,10
12105,ＱＰ具沢山フィリングマスタードレリッシュ,付加価値商品,付加価値商品,対象,11,11_12105,10
12440,ＱＰ　具沢山フィリング　カルボナーラ,付加価値商品,付加価値商品,対象,11,11_12440,10
15434,ＱＰ　具沢山フィリング　オニオン＆チリ,付加価値商品,付加価値商品,対象,11,11_15434,10
16650,ＱＰ　具沢山フィリング　黒胡麻,付加価値商品,付加価値商品,対象,11,11_16650,10
20054,ＱＰ　具沢山フィリング　トマトとたまねぎ,付加価値商品,付加価値商品,対象,11,11_20054,10
20985,ＱＰ　具沢山ソース　スイートチリ,付加価値商品,付加価値商品,対象,11,11_20985,10
23465,ＱＰ　具沢山フィリング　オニオン＆明太,付加価値商品,付加価値商品,対象,11,11_23465,10
23535,ＱＰ　具沢山フィリング　シーザーサラダ,付加価値商品,付加価値商品,対象,11,11_23535,10
23618,ＱＰ　具沢山フィリング　オーロラソース,付加価値商品,付加価値商品,対象,11,11_23618,10
26033,ＱＰ　具沢山ソース　スイートチリ,付加価値商品,付加価値商品,対象,11,11_26033,10
30580,ＱＰ　具沢山ソース　シャリアピン,付加価値商品,付加価値商品,対象,11,11_30580,10
31222,ＱＰ　具沢山ソース　エビマヨ用,付加価値商品,付加価値商品,対象,11,11_31222,10
32070,ＱＰ　具沢山フィリング　味噌ジンジャー,付加価値商品,付加価値商品,対象,11,11_32070,10
45177,ＱＰ　具沢山ソース　ねぎ塩,付加価値商品,付加価値商品,対象,11,11_45177,10
47210,ＱＰ具沢山フィリングアボカド（ワカモレ）,付加価値商品,付加価値商品,対象,11,11_47210,10
57051,ＱＰ　具沢山フィリング　オニオン＆マヨ,付加価値商品,付加価値商品,対象,11,11_57051,10
67002,ＱＰ　具沢山ソース　大根おろしポン酢風味,付加価値商品,付加価値商品,対象,11,11_67002,10
28475,オーロラソースベースＳＥ,付加価値商品,付加価値商品,対象,11,11_28475,10
29267,ＫＯ　具沢山サウザンフィリング,付加価値商品,付加価値商品,対象,11,11_29267,10
65007,ＫＦＣ南蛮タルタル,付加価値商品,付加価値商品,対象,11,11_65007,10
22770,ＱＰ　具沢山ソース　タルタル,付加価値商品,タルタルソース,対象,11,11_22770,10
22771,ＱＰ　具沢山ソース　タルタル,付加価値商品,タルタルソース,対象,11,11_22771,10
27340,ＱＰ　チキン南蛮用タルタルソース,付加価値商品,タルタルソース,対象,11,11_27340,10
40929,ＱＰ　具沢山ソース　タルタル（マイルド）,付加価値商品,タルタルソース,対象,11,11_40929,10
53690,ＱＰ　具沢山Ｆベーカリータルタル,付加価値商品,タルタルソース,対象,11,11_53690,10
65415,ＱＰ　具沢山ソース　クリーミィタルタル,付加価値商品,タルタルソース,対象,11,11_65415,10
65551,ＱＰ　具沢山ソース　シェフズタルタル,付加価値商品,タルタルソース,対象,11,11_65551,10
1051,タルタルソース（ＴＤ）２３,付加価値商品,タルタルソース,対象,11,11_1051,10
23774,ＬＡ具だくさんタルタルソース（ＭＣ）,付加価値商品,タルタルソース,対象,11,11_23774,10
27970,ＷＧタルタルソースＮｏ．２,付加価値商品,タルタルソース,対象,11,11_27970,10
30903,ＫＦＣ月見タルタルソース２４,付加価値商品,タルタルソース,対象,11,11_30903,10
31307,ＲＣＨ　具たくさんタルタルソース,付加価値商品,タルタルソース,対象,11,11_31307,10
31839,ＥＢ　具だくさんたまねぎのタルタルソース,付加価値商品,タルタルソース,対象,11,11_31839,10
3606,Ｌタルタルソース,付加価値商品,タルタルソース,対象,11,11_3606,10
37594,ＦＫタルタルソース,付加価値商品,タルタルソース,対象,11,11_37594,10
39050,ＦＫ　タルタルソース　Ｒ,付加価値商品,タルタルソース,対象,11,11_39050,10
39098,Ｐタルタルソース５００ｇ,付加価値商品,タルタルソース,対象,11,11_39098,10
39535,チキン南蛮用タルタルソース,付加価値商品,タルタルソース,対象,11,11_39535,10
40767,ＭＣＤタツタ用たまごフィリング（ＱＰＡ）,付加価値商品,タルタルソース,対象,11,11_40767,10
40769,ＭＣＤタツタ用たまごフィリング（ＣＯＰ）,付加価値商品,タルタルソース,対象,11,11_40769,10
46889,ＬＴタルタルベース・オニオン,付加価値商品,タルタルソース,対象,11,11_46889,10
47231,ＢＣ　贅沢タルタルソース,付加価値商品,タルタルソース,対象,11,11_47231,10
48478,タルタルソース－Ｅ,付加価値商品,タルタルソース,対象,11,11_48478,10
50400,ＡＥタルタルソースＮＯ．３,付加価値商品,タルタルソース,対象,11,11_50400,10
57081,たまごタルタル５００ｇ×２０,付加価値商品,タルタルソース,対象,11,11_57081,10
68700,プレナス具沢山チルドタルタルソース２３,付加価値商品,タルタルソース,対象,11,11_68700,10
18860,ＳＭ　まるオムレツ（ホワイト）,付加価値商品,付加価値商品,対象,11,11_18860,10
22330,デリカ用まるいオムレツ,付加価値商品,付加価値商品,対象,11,11_22330,10
26620,ＳＭ　目玉焼風まるオムレツＰ,付加価値商品,付加価値商品,対象,11,11_26620,10
26625,ＳＭ　目玉焼風まるオムレツ,付加価値商品,付加価値商品,対象,11,11_26625,10
30770,ＳＭ　目玉焼風まるオムレツＰ　２０１０,付加価値商品,付加価値商品,対象,11,11_30770,10
43770,ＳＭ　目玉焼風まるオムレツ　Ｈ,付加価値商品,付加価値商品,対象,11,11_43770,10
43880,ＳＭ　目玉焼風まるオムレツ　Ｈ　Ｐ,付加価値商品,付加価値商品,対象,11,11_43880,10
49100,ＳＭ　とろっとまるオムレツ,付加価値商品,付加価値商品,対象,11,11_49100,10
49440,ＳＭ　まるオムレツ（ホワイト）Ｈ,付加価値商品,付加価値商品,対象,11,11_49440,10
49600,ＳＭ　とろっとまるオムレツ,付加価値商品,付加価値商品,対象,11,11_49600,10
55915,ＳＭ　まるコロたまご　Ｈ,付加価値商品,付加価値商品,対象,11,11_55915,10
55916,ＳＭ　まるコロたまご　Ｈ　（２００）,付加価値商品,付加価値商品,対象,11,11_55916,10
55917,ＳＭ　まるコロたまご　Ｈ　Ｐ,付加価値商品,付加価値商品,対象,11,11_55917,10
64996,ＳＭ　まるいたまごやき,付加価値商品,付加価値商品,対象,11,11_64996,10
65380,ＳＭ　まるオムレツＨ（ホワイト）４０,付加価値商品,付加価値商品,対象,11,11_65380,10
65490,サンド用　まるオムレツ　Ｈ,付加価値商品,付加価値商品,対象,11,11_65490,10
69544,ＳＭ　まるオムレツ（ホワイト）,付加価値商品,付加価値商品,対象,11,11_69544,10
3793,ＫＦＣバーガー用まるオムレツ２４,付加価値商品,付加価値商品,対象,11,11_3793,10
43907,ＫＦＣバーガー用まるオムレツ,付加価値商品,付加価値商品,対象,11,11_43907,10
4656,Ｌまるオムレツ３（１１０個）,付加価値商品,付加価値商品,対象,11,11_4656,10
66698,ＬＴ　まるオムレツ２（１５０個）,付加価値商品,付加価値商品,対象,11,11_66698,10
1481,キャロットソース,付加価値商品,ソースワールド,対象,11,11_1481,10
1888,具たっぷりソース　ガーリックオニオン,付加価値商品,ソースワールド,対象,11,11_1888,10
1893,具たっぷりソース　ゆず醤油,付加価値商品,ソースワールド,対象,11,11_1893,10
40085,具たっぷりソース　トマトガーリック,付加価値商品,ソースワールド,対象,11,11_40085,10
40086,具たっぷりソース　焼肉のたれ,付加価値商品,ソースワールド,対象,11,11_40086,10
50666,キャロットサラダソースーＦ,付加価値商品,付加価値商品,対象,11,11_50666,10
15115,ＳＭ　卵黄風ソース,付加価値商品,付加価値商品,対象,11,11_15115,10
15230,ＳＭ　とろっとスクランブル,付加価値商品,付加価値商品,対象,11,11_15230,10
15810,ＳＭ　とろっとスクランブル　１００,付加価値商品,付加価値商品,対象,11,11_15810,10
18566,ＳＭ　卵黄風ソース（高粘度）,付加価値商品,付加価値商品,対象,11,11_18566,10
18581,ＳＭ　とろっとスクランブル５０００,付加価値商品,付加価値商品,対象,11,11_18581,10
18930,ＳＭ　とろっとたまご　和風　Ｈ,付加価値商品,付加価値商品,対象,11,11_18930,10
1902,ふっくら炒りたまご５００,付加価値商品,付加価値商品,対象,11,11_1902,10
21444,ＳＭ　とろっと　親子丼の素,付加価値商品,付加価値商品,対象,11,11_21444,10
22755,ＳＭ　ヘルシー炒りたまごＮ,付加価値商品,付加価値商品,対象,11,11_22755,10
23157,ＳＭ　エスプーマベース,付加価値商品,付加価値商品,対象,11,11_23157,10
23822,ＳＭ　オランデーズソース　１００,付加価値商品,付加価値商品,対象,11,11_23822,10
23844,ＳＭ　オランデーズソース,付加価値商品,付加価値商品,対象,11,11_23844,10
25995,ＳＭ　焼きたまごそぼろ　Ｈ,付加価値商品,付加価値商品,対象,11,11_25995,10
30480,ＳＭ　とろっと　親子丼の素,付加価値商品,付加価値商品,対象,11,11_30480,10
36720,ＧＱＰ　ＨＯＢＯＴＡＭＡ（スクランブル）,付加価値商品,付加価値商品,対象,11,11_36720,10
37210,ＳＭ　シェフズ　スクランブル,付加価値商品,付加価値商品,対象,11,11_37210,10
39450,ＳＭ　ＮＥＷスクランブルエッグ　Ｈ,付加価値商品,付加価値商品,対象,11,11_39450,10
43510,ＳＭ　レア・スクランブルエッグ,付加価値商品,付加価値商品,対象,11,11_43510,10
43660,ＳＭ　スクランブルエッグ（レアタイプ）,付加価値商品,付加価値商品,対象,11,11_43660,10
44660,ＳＭ　とろっとたまご　和風　１００,付加価値商品,付加価値商品,対象,11,11_44660,10
44690,ＳＭ　とろっとたまご　プレーン,付加価値商品,付加価値商品,対象,11,11_44690,10
45000,ＳＭ　とろっとたまご（洋食店の味）,付加価値商品,付加価値商品,対象,11,11_45000,10
45060,ＳＭ　とろっとたまご　和風,付加価値商品,付加価値商品,対象,11,11_45060,10
45445,ＳＭ　とろっとたまご　洋風,付加価値商品,付加価値商品,対象,11,11_45445,10
45610,ＳＭ　ふわふわエッグ　Ｈ,付加価値商品,付加価値商品,対象,11,11_45610,10
45630,ＳＭ　とろっとたまご　プレーンＨ,付加価値商品,付加価値商品,対象,11,11_45630,10
45760,ＳＭ　ふんわり炒りたまご,付加価値商品,付加価値商品,対象,11,11_45760,10
45770,ＳＭ　ふんわり炒りたまご　Ｈ,付加価値商品,付加価値商品,対象,11,11_45770,10
45860,ＳＭ　焼きたまごそぼろ　Ｎ,付加価値商品,付加価値商品,対象,11,11_45860,10
46008,ＧＱＰ　ＨＯＢＯＴＡＭＡ（スクランブル）,付加価値商品,付加価値商品,対象,11,11_46008,10
46244,ＳＭ　シェフズ　スクランブル,付加価値商品,付加価値商品,対象,11,11_46244,10
47999,ＳＭ　丼用たまご,付加価値商品,付加価値商品,対象,11,11_47999,10
48000,ＳＭ　ふわふわエッグ,付加価値商品,付加価値商品,対象,11,11_48000,10
49016,ＳＭ　スクランブルエッグ　Ｎ,付加価値商品,付加価値商品,対象,11,11_49016,10
52587,ＳＭ　とろっとスクランブル,付加価値商品,付加価値商品,対象,11,11_52587,10
56005,ＳＭ　丼用たまご（だし風味）,付加価値商品,付加価値商品,対象,11,11_56005,10
56350,ＳＭ　ふわふわエッグ　６０,付加価値商品,付加価値商品,対象,11,11_56350,10
57080,ＳＭ　トッピングエッグ,付加価値商品,付加価値商品,対象,11,11_57080,10
57250,ＳＭ　トッピングエッグ　Ｈ,付加価値商品,付加価値商品,対象,11,11_57250,10
59330,ＳＭ　とろっとたまご　洋風　Ｈ,付加価値商品,付加価値商品,対象,11,11_59330,10
65460,ＳＭ　スクランブルエッグＲ,付加価値商品,付加価値商品,対象,11,11_65460,10
65543,ＳＭ　ふんわり　たまごそぼろ,付加価値商品,付加価値商品,対象,11,11_65543,10
65556,ＳＭ　ふんわり　たまごそぼろ　Ｈ,付加価値商品,付加価値商品,対象,11,11_65556,10
11548,大学生協　玉子丼の素,付加価値商品,付加価値商品,対象,11,11_11548,10
11999,ＫＵＺＥ　スクランブルエッグ,付加価値商品,付加価値商品,対象,11,11_11999,10
13492,ＥＢフレンチスクランブルエッグ,付加価値商品,付加価値商品,対象,11,11_13492,10
13531,とろっとスクランブルＴ,付加価値商品,付加価値商品,対象,11,11_13531,10
14625,ジェフダ　レアスクランブルエッグ,付加価値商品,付加価値商品,対象,11,11_14625,10
15883,吉野家　親子丼の具　１Ｐ,付加価値商品,付加価値商品,対象,11,11_15883,10
17293,Ｃ１　卵黄風ソースＨ　Ｎｏ．２,付加価値商品,付加価値商品,対象,11,11_17293,10
18655,ジェフダ　とろっとスクランブルエッグ,付加価値商品,付加価値商品,対象,11,11_18655,10
2108,ＳＹとろっとたまご,付加価値商品,付加価値商品,対象,11,11_2108,10
24882,とろっと　スクランブル　６００,付加価値商品,付加価値商品,対象,11,11_24882,10
24997,グリーンズ　スクランブルエッグＲ,付加価値商品,付加価値商品,対象,11,11_24997,10
25008,ＥＮＴオランデーズソース２０１８,付加価値商品,付加価値商品,対象,11,11_25008,10
27361,とろっとたまご　ＳＤ－４,付加価値商品,付加価値商品,対象,11,11_27361,10
28575,オランデーズソース　Ｒ,付加価値商品,付加価値商品,対象,11,11_28575,10
28926,Ｗ　シェフズスクランブルエッグ,付加価値商品,付加価値商品,対象,11,11_28926,10
29844,吉野家　親子丼の具　２Ｐ,付加価値商品,付加価値商品,対象,11,11_29844,10
29940,ＭＱ　たまご（レアタイプ）Ｎｏ．２,付加価値商品,付加価値商品,対象,11,11_29940,10
30883,ＲＣＨ　スクランブルエッグ,付加価値商品,付加価値商品,対象,11,11_30883,10
33339,ＯＲとろっとスクランブル４００ｇ,付加価値商品,付加価値商品,対象,11,11_33339,10
3595,吉野家　親子丼の具　２Ｐ,付加価値商品,付加価値商品,対象,11,11_3595,10
36460,吉野家　業務用　丼たまご,付加価値商品,付加価値商品,対象,11,11_36460,10
36969,ＨＣＦ　卵を味わうスクランブルエッグ,付加価値商品,付加価値商品,対象,11,11_36969,10
37753,Ｃ５　ふわふわエッグ　Ｈ,付加価値商品,付加価値商品,対象,11,11_37753,10
37956,ＭＨとろっとたまご,付加価値商品,付加価値商品,対象,11,11_37956,10
40152,とろっとスクランブルＢＥ,付加価値商品,付加価値商品,対象,11,11_40152,10
40633,２３８２２　オランデーズソース１００×３,付加価値商品,付加価値商品,対象,11,11_40633,10
4160,大学生協　玉子丼ベース,付加価値商品,付加価値商品,対象,11,11_4160,10
43698,吉野家　親子丼の具　１Ｐ,付加価値商品,付加価値商品,対象,11,11_43698,10
45674,Ｗ丼用たまご,付加価値商品,付加価値商品,対象,11,11_45674,10
48797,ふんわり炒りたまご（惣菜用）Ｓ,付加価値商品,付加価値商品,対象,11,11_48797,10
52165,ＴＫＹ　とろっとスクランブル,付加価値商品,付加価値商品,対象,11,11_52165,10
52277,匠　とろ～りＮＥＷスクランブルエッグ,付加価値商品,付加価値商品,対象,11,11_52277,10
53553,ＥＢレア・スクランブルエッグ（ベース）,付加価値商品,付加価値商品,対象,11,11_53553,10
55401,ＪＦＳＡとろ～り食感スクランブルエッグＲ,付加価値商品,付加価値商品,対象,11,11_55401,10
58332,ＢＣ　とろっとクリーミィスクランブル,付加価値商品,付加価値商品,対象,11,11_58332,10
64156,ＢＣふわふわスクランブルエッグ２,付加価値商品,付加価値商品,対象,11,11_64156,10
65916,シェフズ　スクランブル５００,付加価値商品,付加価値商品,対象,11,11_65916,10
66146,ＯＭＱ　スクランブル,付加価値商品,付加価値商品,対象,11,11_66146,10
67589,ＭＡ丼用たまご（だし風味）,付加価値商品,付加価値商品,対象,11,11_67589,10
68377,お店のレアスクランブル（プレーンタイプ）,付加価値商品,付加価値商品,対象,11,11_68377,10
68690,ＭＨとろっとたまご,付加価値商品,付加価値商品,対象,11,11_68690,10
10200,ＳＭ　冷凍やわらかたまご　Ｈ,付加価値商品,付加価値商品,対象,11,11_10200,10
10600,ＳＭ　きみぷち,付加価値商品,付加価値商品,対象,11,11_10600,10
15831,ＳＭ　とろ～りやわらかたまご,付加価値商品,付加価値商品,対象,11,11_15831,10
15832,ＳＭ　とろ～りやわらかたまご,付加価値商品,付加価値商品,対象,11,11_15832,10
47780,ＳＭ　スライスたまご（半熟風）　Ｈ,付加価値商品,付加価値商品,対象,11,11_47780,10
47782,ＳＭ　ハーフたまご（半熟風）　Ｈ,付加価値商品,付加価値商品,対象,11,11_47782,10
56616,ＳＭ　ハーフたまご（半熟風）,付加価値商品,付加価値商品,対象,11,11_56616,10
56618,ＳＭ　スライスたまご（半熟風）,付加価値商品,付加価値商品,対象,11,11_56618,10
65600,ＳＭ　ぷるぷるたまご（半熟風）,付加価値商品,付加価値商品,対象,11,11_65600,10
2021,ＳＹぷるぷるたまご,付加価値商品,付加価値商品,対象,11,11_2021,10
31306,オリエンタルランドＭ型ハーフたまご３,付加価値商品,付加価値商品,対象,11,11_31306,10
66514,半熟風たまご（Ｑ）,付加価値商品,付加価値商品,対象,11,11_66514,10
21657,ドレスアップソース　パセリ＆ケール,ソースワールド,ソースワールド,対象,11,11_21657,30
21827,ドレスアップソース　キャロット＆レモン,ソースワールド,ソースワールド,対象,11,11_21827,30
21856,ドレスアップソース　アップル＆セロリ,ソースワールド,ソースワールド,対象,11,11_21856,30
37550,ドレスアップＳ　パセリ＆ケール試供品,ソースワールド,ソースワールド,対象,11,11_37550,30
37552,ドレスアップＳ　キャロット＆レモン試供品,ソースワールド,ソースワールド,対象,11,11_37552,30
37554,ドレスアップＳ　アップル＆セロリ　試供品,ソースワールド,ソースワールド,対象,11,11_37554,30
47050,ＱＰ　タルタルソース,ソースワールド,タルタルソース,対象,11,11_47050,20
47051,ＱＰ　タルタルソース,ソースワールド,タルタルソース,対象,11,11_47051,20
1551,ＫＦＣタルタルソース２３（６０）,ソースワールド,タルタルソース,対象,11,11_1551,20
17280,ジェフダ　タルタルソース,ソースワールド,タルタルソース,対象,11,11_17280,20
17777,ＣＹＢＤＴ―Ｇ１,ソースワールド,タルタルソース,対象,11,11_17777,20
21929,レモンタルタルソース　広島県産レモン果汁,ソースワールド,タルタルソース,対象,11,11_21929,20
28615,さぼてん特製タルタルソース,ソースワールド,タルタルソース,対象,11,11_28615,20
31188,ＬＡタルタルソース１０,ソースワールド,タルタルソース,対象,11,11_31188,20
52973,Ｐｌｅｎｕｓ　タルタルソース,ソースワールド,タルタルソース,対象,11,11_52973,20